Location,Code,Year,Birth_rate_10_to_14_years_old
Afghanistan,AFG,2003,8.07
Afghanistan,AFG,2006,4.26
Afghanistan,AFG,2008,1.36
Afghanistan,AFG,2009,0.76
Afghanistan,AFG,2011,2.21
Afghanistan,AFG,2013,0.92
Afghanistan,AFG,2014,0.22
Algeria,DZA,2010,0.03
Algeria,DZA,2011,0.02
Algeria,DZA,2014,0.12
Algeria,DZA,2016,0.02
Algeria,DZA,2017,0
American Samoa,ASM,2000,0.63
American Samoa,ASM,2001,0.71
American Samoa,ASM,2002,0.59
American Samoa,ASM,2003,0.66
American Samoa,ASM,2004,0.37
American Samoa,ASM,2005,0.28
American Samoa,ASM,2007,0.19
American Samoa,ASM,2009,0.32
American Samoa,ASM,2010,0.33
American Samoa,ASM,2014,0.26
American Samoa,ASM,2017,0.14
American Samoa,ASM,2018,0.3
American Samoa,ASM,2019,0.61
Andorra,AND,2000,0
Andorra,AND,2001,0
Andorra,AND,2005,0
Andorra,AND,2007,0
Andorra,AND,2013,0
Andorra,AND,2015,0
Andorra,AND,2018,0
Andorra,AND,2019,0
Angola,AGO,2003,12.03
Angola,AGO,2004,6.62
Angola,AGO,2005,6.91
Angola,AGO,2008,9.36
Angola,AGO,2009,6.1
Angola,AGO,2011,10.32
Angola,AGO,2013,10.64
Angola,AGO,2014,10.66
Anguilla,AIA,2000,1.88
Anguilla,AIA,2001,1.88
Anguilla,AIA,2003,2.33
Anguilla,AIA,2005,2.44
Anguilla,AIA,2006,2.89
Anguilla,AIA,2015,2.5
Antigua and Barbuda,ATG,2000,0
Antigua and Barbuda,ATG,2010,0.55
Antigua and Barbuda,ATG,2016,0.63
Antigua and Barbuda,ATG,2017,0
Antigua and Barbuda,ATG,2018,0.32
Antigua and Barbuda,ATG,2019,0
Antigua and Barbuda,ATG,2020,0.31
Argentina,ARG,2000,1.96
Argentina,ARG,2001,1.83
Argentina,ARG,2008,1.72
Argentina,ARG,2010,1.85
Argentina,ARG,2011,1.87
Argentina,ARG,2012,1.8
Argentina,ARG,2014,1.79
Argentina,ARG,2015,1.67
Argentina,ARG,2016,1.44
Argentina,ARG,2017,1.5
Argentina,ARG,2018,1.4
Argentina,ARG,2019,1.15
Armenia,ARM,2000,0
Armenia,ARM,2002,0
Armenia,ARM,2003,0
Armenia,ARM,2004,0
Armenia,ARM,2006,0
Armenia,ARM,2007,0
Armenia,ARM,2008,0
Armenia,ARM,2009,0
Armenia,ARM,2011,0
Armenia,ARM,2013,0
Armenia,ARM,2015,0.02
Armenia,ARM,2017,0.02
Armenia,ARM,2019,0.03
Aruba,ABW,2000,0.59
Aruba,ABW,2001,0.58
Aruba,ABW,2003,0.85
Aruba,ABW,2006,0.84
Aruba,ABW,2007,0.83
Aruba,ABW,2009,0.54
Aruba,ABW,2011,0.84
Aruba,ABW,2012,0.58
Aruba,ABW,2014,0.6
Aruba,ABW,2015,0.3
Aruba,ABW,2016,0.3
Aruba,ABW,2017,0.29
Aruba,ABW,2018,0
Aruba,ABW,2019,0
Aruba,ABW,2020,0.3
Aruba,ABW,2021,0.3
Australia,AUS,2000,0.12
Australia,AUS,2001,0.12
Australia,AUS,2003,0.12
Australia,AUS,2005,0.13
Australia,AUS,2006,0.1
Australia,AUS,2008,0.13
Australia,AUS,2009,0.15
Australia,AUS,2011,0.15
Australia,AUS,2012,0.14
Australia,AUS,2013,0.14
Australia,AUS,2014,0.12
Australia,AUS,2015,0.12
Australia,AUS,2017,0.09
Australia,AUS,2018,0.06
Australia,AUS,2019,0.07
Australia,AUS,2020,0.06
Austria,AUT,2000,0.04
Austria,AUT,2001,0.07
Austria,AUT,2002,0.09
Austria,AUT,2009,0.1
Austria,AUT,2011,0.08
Austria,AUT,2013,0.08
Austria,AUT,2016,0.07
Austria,AUT,2017,0.08
Austria,AUT,2019,0.02
Austria,AUT,2020,0.01
Azerbaijan,AZE,2000,0
Azerbaijan,AZE,2001,0
Azerbaijan,AZE,2002,0
Azerbaijan,AZE,2003,0
Azerbaijan,AZE,2004,0
Azerbaijan,AZE,2005,0
Azerbaijan,AZE,2008,0.01
Azerbaijan,AZE,2010,0.02
Azerbaijan,AZE,2012,0.01
Azerbaijan,AZE,2017,0
Azerbaijan,AZE,2018,0
Azerbaijan,AZE,2019,0
Azerbaijan,AZE,2020,0
Bahamas,BHS,2000,0
Bahamas,BHS,2001,0
Bahamas,BHS,2002,0
Bahamas,BHS,2003,0
Bahamas,BHS,2004,0
Bahamas,BHS,2007,0.35
Bahamas,BHS,2008,0.6
Bahamas,BHS,2009,0.3
Bahamas,BHS,2011,0.3
Bahamas,BHS,2012,0.24
Bahamas,BHS,2013,0.3
Bahrain,BHR,2000,0.07
Bahrain,BHR,2001,0.03
Bahrain,BHR,2005,0.12
Bahrain,BHR,2006,0.09
Bahrain,BHR,2007,0.08
Bahrain,BHR,2008,0.11
Bahrain,BHR,2009,0.11
Bahrain,BHR,2010,0.03
Bahrain,BHR,2011,0.03
Bahrain,BHR,2012,0.03
Bahrain,BHR,2013,0.03
Bahrain,BHR,2014,0
Bahrain,BHR,2015,0.08
Bahrain,BHR,2016,0.05
Bahrain,BHR,2017,0.02
Bahrain,BHR,2018,0
Bahrain,BHR,2019,0.02
Bangladesh,BGD,2009,7.25
Bangladesh,BGD,2010,10.48
Bangladesh,BGD,2012,8.97
Bangladesh,BGD,2013,7.79
Bangladesh,BGD,2014,3.04
Bangladesh,BGD,2015,5.47
Bangladesh,BGD,2016,4.66
Bangladesh,BGD,2017,0.93
Barbados,BRB,2001,0
Barbados,BRB,2002,0.01
Barbados,BRB,2003,0.01
Barbados,BRB,2005,0.51
Barbados,BRB,2006,0.32
Barbados,BRB,2007,1.09
Belarus,BLR,2000,0.06
Belarus,BLR,2001,0.07
Belarus,BLR,2002,0.08
Belarus,BLR,2003,0.08
Belarus,BLR,2006,0.06
Belarus,BLR,2008,0.09
Belarus,BLR,2011,0.08
Belarus,BLR,2014,0.11
Belarus,BLR,2016,0.09
Belarus,BLR,2017,0.09
Belarus,BLR,2018,0.05
Belgium,BEL,2000,0.1
Belgium,BEL,2001,0.12
Belgium,BEL,2002,0.12
Belgium,BEL,2006,0.13
Belgium,BEL,2008,0.13
Belgium,BEL,2009,0.13
Belgium,BEL,2010,0.12
Belgium,BEL,2011,0.13
Belgium,BEL,2012,0.11
Belgium,BEL,2013,0.11
Belgium,BEL,2016,0.09
Belgium,BEL,2017,0.08
Belgium,BEL,2019,0.07
Belize,BLZ,2001,0
Belize,BLZ,2002,0
Belize,BLZ,2004,1.09
Belize,BLZ,2006,1.39
Belize,BLZ,2008,1.25
Belize,BLZ,2013,1.89
Belize,BLZ,2014,1.24
Belize,BLZ,2016,1.04
Belize,BLZ,2017,1.1
Belize,BLZ,2019,1.33
Belize,BLZ,2020,1.02
Belize,BLZ,2021,0.87
Benin,BEN,2002,7.5
Benin,BEN,2006,7.78
Benin,BEN,2009,3.23
Benin,BEN,2010,5.5
Benin,BEN,2011,2.73
Benin,BEN,2012,2.01
Benin,BEN,2013,4.12
Benin,BEN,2015,2.04
Benin,BEN,2016,1.8
Bermuda,BMU,2000,0
Bermuda,BMU,2001,0
Bermuda,BMU,2002,0
Bermuda,BMU,2003,0
Bermuda,BMU,2006,0
Bermuda,BMU,2007,0
Bermuda,BMU,2008,0
Bermuda,BMU,2015,0
Bermuda,BMU,2016,0
Bermuda,BMU,2017,0
Bermuda,BMU,2018,0
Bermuda,BMU,2020,0
Bermuda,BMU,2021,0
Bolivia,BOL,2002,2.79
Bolivia,BOL,2003,2.88
Bolivia,BOL,2005,2.78
Bolivia,BOL,2006,2.75
Bosnia and Herzegovina,BIH,2002,0.1
Bosnia and Herzegovina,BIH,2003,0.08
Bosnia and Herzegovina,BIH,2004,0.08
Bosnia and Herzegovina,BIH,2005,0.07
Bosnia and Herzegovina,BIH,2009,0.09
Bosnia and Herzegovina,BIH,2010,0.07
Bosnia and Herzegovina,BIH,2012,0.04
Bosnia and Herzegovina,BIH,2018,0.06
Bosnia and Herzegovina,BIH,2019,0.04
Botswana,BWA,2006,0
Botswana,BWA,2011,0.19
Botswana,BWA,2012,0.4
Botswana,BWA,2013,0.31
Botswana,BWA,2014,0.26
Botswana,BWA,2016,0.32
Botswana,BWA,2017,0.15
Botswana,BWA,2018,0.39
Botswana,BWA,2019,0.32
Brazil,BRA,2000,3.31
Brazil,BRA,2001,3.22
Brazil,BRA,2002,3.21
Brazil,BRA,2003,3.18
Brazil,BRA,2006,3.26
Brazil,BRA,2007,3.3
Brazil,BRA,2008,3.38
Brazil,BRA,2009,3.28
Brazil,BRA,2011,3.31
Brazil,BRA,2012,3.4
Brazil,BRA,2013,3.43
Brazil,BRA,2016,3.09
Brazil,BRA,2017,2.87
Brazil,BRA,2018,2.77
Brazil,BRA,2019,2.56
Brazil,BRA,2021,2.28
Brunei,BRN,2000,0.22
Brunei,BRN,2001,0.22
Brunei,BRN,2008,0.23
Brunei,BRN,2011,0.18
Brunei,BRN,2014,0.3
Brunei,BRN,2015,0.24
Brunei,BRN,2016,0.18
Brunei,BRN,2019,0.13
Brunei,BRN,2020,0.32
Bulgaria,BGR,2000,2.7
Bulgaria,BGR,2001,2.48
Bulgaria,BGR,2002,2.12
Bulgaria,BGR,2005,3.19
Bulgaria,BGR,2006,3.27
Bulgaria,BGR,2007,3.7
Bulgaria,BGR,2014,2.1
Bulgaria,BGR,2015,1.91
Bulgaria,BGR,2016,1.67
Bulgaria,BGR,2017,1.71
Bulgaria,BGR,2018,1.57
Bulgaria,BGR,2019,1.54
Bulgaria,BGR,2020,1.28
Burkina Faso,BFA,2002,0.32
Burkina Faso,BFA,2003,5.07
Burkina Faso,BFA,2006,2.57
Burkina Faso,BFA,2008,1.22
Burkina Faso,BFA,2009,0.6
Burkina Faso,BFA,2015,4.67
Burkina Faso,BFA,2016,2.59
Burkina Faso,BFA,2019,1.15
Burundi,BDI,2003,1.57
Burundi,BDI,2006,1.46
Burundi,BDI,2008,0.59
Burundi,BDI,2010,1
Burundi,BDI,2011,0.76
Burundi,BDI,2012,0.96
Burundi,BDI,2014,0.71
Burundi,BDI,2015,0.73
Cambodia,KHM,2003,0.37
Cambodia,KHM,2004,0.28
Cambodia,KHM,2006,0.33
Cambodia,KHM,2008,0.17
Cambodia,KHM,2009,0.27
Cambodia,KHM,2010,0.77
Cambodia,KHM,2012,0.28
Cambodia,KHM,2013,0.09
Cameroon,CMR,2003,12.92
Cameroon,CMR,2007,10.71
Cameroon,CMR,2011,10.01
Cameroon,CMR,2012,7.51
Cameroon,CMR,2013,6.28
Cameroon,CMR,2014,6.95
Cameroon,CMR,2016,4.41
Cameroon,CMR,2017,2.89
Canada,CAN,2001,0.19
Canada,CAN,2002,0.2
Canada,CAN,2005,0.19
Canada,CAN,2006,0.19
Canada,CAN,2007,0.2
Canada,CAN,2009,0.17
Canada,CAN,2010,0.18
Canada,CAN,2011,0.17
Canada,CAN,2012,0.14
Canada,CAN,2013,0.14
Canada,CAN,2016,0.12
Canada,CAN,2017,0.11
Canada,CAN,2018,0.1
Canada,CAN,2020,0.04
Cape Verde,CPV,2006,1.33
Cape Verde,CPV,2007,1.56
Cape Verde,CPV,2010,0.7
Cape Verde,CPV,2012,0.84
Cape Verde,CPV,2013,0.78
Cape Verde,CPV,2014,0.86
Cape Verde,CPV,2015,1.03
Cape Verde,CPV,2016,0.8
Cape Verde,CPV,2017,1.06
Cape Verde,CPV,2018,0.98
Cape Verde,CPV,2020,0.42
Cayman Islands,CYM,2009,1.05
Cayman Islands,CYM,2010,0.46
Cayman Islands,CYM,2011,0.45
Cayman Islands,CYM,2012,0.22
Cayman Islands,CYM,2013,0.22
Cayman Islands,CYM,2014,0
Cayman Islands,CYM,2018,0.24
Central African Republic,CAF,2012,26.86
Central African Republic,CAF,2015,18.93
Central African Republic,CAF,2017,11.47
Central African Republic,CAF,2018,8.04
Central and Southern Asia (UN),,2000,4.75
Central and Southern Asia (UN),,2001,4.47
Central and Southern Asia (UN),,2002,3.89
Central and Southern Asia (UN),,2003,3.43
Central and Southern Asia (UN),,2004,2.61
Central and Southern Asia (UN),,2005,1.64
Central and Southern Asia (UN),,2006,1.36
Central and Southern Asia (UN),,2007,1.31
Central and Southern Asia (UN),,2008,1.27
Central and Southern Asia (UN),,2009,1.02
Central and Southern Asia (UN),,2010,0.99
Central and Southern Asia (UN),,2011,0.83
Central and Southern Asia (UN),,2012,0.84
Central and Southern Asia (UN),,2013,0.82
Central and Southern Asia (UN),,2014,0.68
Central and Southern Asia (UN),,2015,0.65
Central and Southern Asia (UN),,2016,0.65
Central and Southern Asia (UN),,2017,0.6
Central and Southern Asia (UN),,2018,0.59
Central and Southern Asia (UN),,2019,0.58
Central and Southern Asia (UN),,2020,0.56
Central and Southern Asia (UN),,2021,0.54
Central and Southern Asia (UN),,2022,0.54
Central and Southern Asia (UN),,2023,0.51
Chad,TCD,2010,17.59
Chad,TCD,2012,19.19
Chad,TCD,2013,5.99
Chad,TCD,2015,11.44
Chad,TCD,2017,5.33
Chad,TCD,2018,3.88
Chile,CHL,2000,2.66
Chile,CHL,2001,2.84
Chile,CHL,2003,2.36
Chile,CHL,2004,2.17
Chile,CHL,2008,1.55
Chile,CHL,2009,1.66
Chile,CHL,2010,1.53
Chile,CHL,2011,1.49
Chile,CHL,2012,1.45
Chile,CHL,2015,1.24
Chile,CHL,2016,1.13
Chile,CHL,2017,0.83
Chile,CHL,2018,0.68
Chile,CHL,2019,0.49
Colombia,COL,2001,2.78
Colombia,COL,2004,2.95
Colombia,COL,2005,3.05
Colombia,COL,2006,3.07
Colombia,COL,2007,3.08
Colombia,COL,2009,3.21
Colombia,COL,2012,3.19
Colombia,COL,2013,3.16
Colombia,COL,2015,3.04
Colombia,COL,2018,2.85
Colombia,COL,2021,2.55
Comoros,COM,2005,7.45
Comoros,COM,2008,2.4
Comoros,COM,2010,1.63
Comoros,COM,2011,1.73
Congo,COG,2003,3.46
Congo,COG,2004,1.45
Congo,COG,2007,5.42
Congo,COG,2009,4.75
Congo,COG,2010,4.63
Congo,COG,2013,3.16
Congo,COG,2014,2.48
Cook Islands,COK,2009,0.72
Cook Islands,COK,2010,0.26
Cook Islands,COK,2011,0
Cook Islands,COK,2012,0
Cook Islands,COK,2013,0
Cook Islands,COK,2015,0.31
Cook Islands,COK,2016,0.31
Cook Islands,COK,2017,0.32
Costa Rica,CRI,2000,3
Costa Rica,CRI,2001,2.95
Costa Rica,CRI,2002,2.32
Costa Rica,CRI,2003,2.36
Costa Rica,CRI,2007,2.51
Costa Rica,CRI,2008,2.66
Costa Rica,CRI,2009,2.82
Costa Rica,CRI,2013,2.53
Costa Rica,CRI,2014,2.76
Costa Rica,CRI,2015,2.38
Costa Rica,CRI,2016,1.94
Costa Rica,CRI,2017,1.68
Costa Rica,CRI,2018,1.43
Costa Rica,CRI,2019,1.47
Costa Rica,CRI,2020,1.23
Costa Rica,CRI,2021,1.08
Cote d'Ivoire,CIV,2007,9.17
Cote d'Ivoire,CIV,2009,9.58
Cote d'Ivoire,CIV,2010,5.34
Cote d'Ivoire,CIV,2012,6.36
Cote d'Ivoire,CIV,2013,2.95
Cote d'Ivoire,CIV,2014,5.97
Cote d'Ivoire,CIV,2015,4.95
Croatia,HRV,2000,0.08
Croatia,HRV,2001,0.11
Croatia,HRV,2008,0.14
Croatia,HRV,2009,0.12
Croatia,HRV,2011,0.11
Croatia,HRV,2013,0.09
Croatia,HRV,2015,0.08
Croatia,HRV,2016,0.09
Croatia,HRV,2018,0.05
Croatia,HRV,2019,0.05
Croatia,HRV,2020,0.03
Cuba,CUB,2000,1.23
Cuba,CUB,2001,1.17
Cuba,CUB,2002,1.11
Cuba,CUB,2003,1.21
Cuba,CUB,2004,1.18
Cuba,CUB,2005,1.12
Cuba,CUB,2006,1.03
Cuba,CUB,2007,0.9
Cuba,CUB,2008,1.03
Cuba,CUB,2009,0.93
Cuba,CUB,2010,1.03
Cuba,CUB,2011,1.16
Cuba,CUB,2012,1.17
Cuba,CUB,2013,1.28
Cuba,CUB,2014,1.38
Cuba,CUB,2015,1.21
Cuba,CUB,2016,1.21
Curacao,CUW,2009,0.72
Curacao,CUW,2010,1.08
Curacao,CUW,2011,1.1
Curacao,CUW,2013,0.53
Curacao,CUW,2014,0.85
Curacao,CUW,2015,0.5
Curacao,CUW,2017,0
Curacao,CUW,2018,0
Curacao,CUW,2019,0
Cyprus,CYP,2000,0
Cyprus,CYP,2001,0
Cyprus,CYP,2002,0
Cyprus,CYP,2003,0
Cyprus,CYP,2004,0
Cyprus,CYP,2005,0
Cyprus,CYP,2006,0
Cyprus,CYP,2007,0
Cyprus,CYP,2008,0
Cyprus,CYP,2010,0.04
Cyprus,CYP,2012,0.04
Cyprus,CYP,2020,0.17
Czechia,CZE,2000,0.09
Czechia,CZE,2001,0.09
Czechia,CZE,2002,0.11
Czechia,CZE,2005,0.1
Czechia,CZE,2006,0.11
Czechia,CZE,2007,0.11
Czechia,CZE,2008,0.09
Czechia,CZE,2009,0.11
Czechia,CZE,2010,0.11
Czechia,CZE,2012,0.09
Czechia,CZE,2015,0.1
Czechia,CZE,2016,0.1
Czechia,CZE,2018,0.09
Czechia,CZE,2020,0.07
Czechia,CZE,2021,0.05
Democratic Republic of Congo,COD,2002,5
Democratic Republic of Congo,COD,2006,10.61
Democratic Republic of Congo,COD,2009,7.61
Democratic Republic of Congo,COD,2010,7.45
Democratic Republic of Congo,COD,2011,5.52
Democratic Republic of Congo,COD,2013,6.14
Democratic Republic of Congo,COD,2015,3.84
Democratic Republic of Congo,COD,2016,3.37
Denmark,DNK,2000,0.01
Denmark,DNK,2001,0.03
Denmark,DNK,2003,0.02
Denmark,DNK,2007,0.03
Denmark,DNK,2009,0.02
Denmark,DNK,2011,0.02
Denmark,DNK,2012,0.01
Denmark,DNK,2015,0.01
Denmark,DNK,2018,0
Denmark,DNK,2019,0.01
Denmark,DNK,2020,0.01
Denmark,DNK,2021,0.01
Djibouti,DJI,2005,2.8
Djibouti,DJI,2008,1.72
Djibouti,DJI,2010,0.11
Djibouti,DJI,2011,0.1
Dominica,DMA,2001,0.01
Dominica,DMA,2002,0
Dominica,DMA,2003,0.02
Dominica,DMA,2005,1.5
Dominica,DMA,2006,0.89
Dominican Republic,DOM,2001,6.22
Dominican Republic,DOM,2002,5.92
Dominican Republic,DOM,2003,5.45
Dominican Republic,DOM,2004,5.34
Dominican Republic,DOM,2005,5.28
Dominican Republic,DOM,2008,4.76
Dominican Republic,DOM,2009,4.74
Dominican Republic,DOM,2012,4.03
Dominican Republic,DOM,2017,2
Dominican Republic,DOM,2018,1.8
Dominican Republic,DOM,2020,0.79
Dominican Republic,DOM,2021,1
East Timor,TLS,2002,1.1
East Timor,TLS,2005,1.05
East Timor,TLS,2007,0.56
East Timor,TLS,2008,0.3
East Timor,TLS,2009,0.64
East Timor,TLS,2012,0.51
East Timor,TLS,2014,0.44
East Timor,TLS,2015,0.36
Eastern and South-Eastern Asia (UN),,2000,0.5
Eastern and South-Eastern Asia (UN),,2001,0.49
Eastern and South-Eastern Asia (UN),,2002,0.49
Eastern and South-Eastern Asia (UN),,2003,0.49
Eastern and South-Eastern Asia (UN),,2004,0.48
Eastern and South-Eastern Asia (UN),,2005,0.5
Eastern and South-Eastern Asia (UN),,2006,0.49
Eastern and South-Eastern Asia (UN),,2007,0.5
Eastern and South-Eastern Asia (UN),,2008,0.5
Eastern and South-Eastern Asia (UN),,2009,0.51
Eastern and South-Eastern Asia (UN),,2010,0.53
Eastern and South-Eastern Asia (UN),,2011,0.52
Eastern and South-Eastern Asia (UN),,2012,0.51
Eastern and South-Eastern Asia (UN),,2013,0.5
Eastern and South-Eastern Asia (UN),,2014,0.47
Eastern and South-Eastern Asia (UN),,2015,0.44
Eastern and South-Eastern Asia (UN),,2016,0.4
Eastern and South-Eastern Asia (UN),,2017,0.39
Eastern and South-Eastern Asia (UN),,2018,0.38
Eastern and South-Eastern Asia (UN),,2019,0.37
Eastern and South-Eastern Asia (UN),,2020,0.37
Eastern and South-Eastern Asia (UN),,2021,0.37
Eastern and South-Eastern Asia (UN),,2022,0.38
Eastern and South-Eastern Asia (UN),,2023,0.38
Ecuador,ECU,2001,1.79
Ecuador,ECU,2002,2.01
Ecuador,ECU,2003,2.02
Ecuador,ECU,2008,2.76
Ecuador,ECU,2009,3.26
Ecuador,ECU,2010,3.3
Ecuador,ECU,2011,3.46
Ecuador,ECU,2013,3.22
Ecuador,ECU,2014,3.31
Ecuador,ECU,2017,3.04
Ecuador,ECU,2018,2.79
Ecuador,ECU,2019,2.42
Ecuador,ECU,2020,2.17
Egypt,EGY,2001,0.35
Egypt,EGY,2002,0.34
Egypt,EGY,2005,0.13
Egypt,EGY,2006,0
Egypt,EGY,2007,0
Egypt,EGY,2008,0
Egypt,EGY,2009,0
Egypt,EGY,2010,0
Egypt,EGY,2011,0
Egypt,EGY,2012,0
El Salvador,SLV,2000,4.04
El Salvador,SLV,2001,3.76
El Salvador,SLV,2002,3.39
El Salvador,SLV,2003,3.31
El Salvador,SLV,2006,3.27
El Salvador,SLV,2010,2.86
El Salvador,SLV,2011,2.92
El Salvador,SLV,2012,3.04
El Salvador,SLV,2014,2.75
El Salvador,SLV,2015,3.05
El Salvador,SLV,2016,2.47
El Salvador,SLV,2017,2.34
El Salvador,SLV,2018,2.1
Eritrea,ERI,2002,5.53
Eritrea,ERI,2005,2.81
Eritrea,ERI,2007,1.32
Eritrea,ERI,2008,0.95
Estonia,EST,2000,0.13
Estonia,EST,2001,0.1
Estonia,EST,2002,0.07
Estonia,EST,2003,0.14
Estonia,EST,2004,0.11
Estonia,EST,2005,0.12
Estonia,EST,2006,0.13
Estonia,EST,2008,0.1
Estonia,EST,2011,0.06
Estonia,EST,2012,0.06
Estonia,EST,2013,0.06
Estonia,EST,2014,0.06
Estonia,EST,2015,0.11
Estonia,EST,2017,0.05
Estonia,EST,2018,0.1
Estonia,EST,2019,0.1
Estonia,EST,2020,0.05
Eswatini,SWZ,2002,3.06
Eswatini,SWZ,2003,3.49
Eswatini,SWZ,2004,2.51
Eswatini,SWZ,2007,2.57
Eswatini,SWZ,2008,1.22
Eswatini,SWZ,2009,1.46
Eswatini,SWZ,2010,1.37
Eswatini,SWZ,2012,1.64
Eswatini,SWZ,2013,1.21
Ethiopia,ETH,2006,5.32
Ethiopia,ETH,2009,3.36
Ethiopia,ETH,2011,1.27
Ethiopia,ETH,2012,0.06
Ethiopia,ETH,2013,1.01
Ethiopia,ETH,2016,1.89
Ethiopia,ETH,2017,0.52
Europe (UN),,2000,0.18
Europe (UN),,2001,0.18
Europe (UN),,2002,0.17
Europe (UN),,2003,0.17
Europe (UN),,2004,0.17
Europe (UN),,2005,0.18
Europe (UN),,2006,0.19
Europe (UN),,2007,0.2
Europe (UN),,2008,0.21
Europe (UN),,2009,0.2
Europe (UN),,2010,0.14
Europe (UN),,2011,0.13
Europe (UN),,2012,0.12
Europe (UN),,2013,0.11
Europe (UN),,2014,0.09
Europe (UN),,2015,0.06
Europe (UN),,2016,0.04
Europe (UN),,2017,0.02
Europe (UN),,2018,0.01
Europe (UN),,2019,0.01
Europe (UN),,2020,0.05
Europe (UN),,2021,0.05
Europe (UN),,2022,0.12
Europe (UN),,2023,0.12
Europe and Northern America (UN),,2000,0.51
Europe and Northern America (UN),,2001,0.48
Europe and Northern America (UN),,2002,0.46
Europe and Northern America (UN),,2003,0.44
Europe and Northern America (UN),,2004,0.45
Europe and Northern America (UN),,2005,0.45
Europe and Northern America (UN),,2006,0.46
Europe and Northern America (UN),,2007,0.48
Europe and Northern America (UN),,2008,0.48
Europe and Northern America (UN),,2009,0.45
Europe and Northern America (UN),,2010,0.36
Europe and Northern America (UN),,2011,0.3
Europe and Northern America (UN),,2012,0.28
Europe and Northern America (UN),,2013,0.22
Europe and Northern America (UN),,2014,0.18
Europe and Northern America (UN),,2015,0.14
Europe and Northern America (UN),,2016,0.1
Europe and Northern America (UN),,2017,0.07
Europe and Northern America (UN),,2018,0.05
Europe and Northern America (UN),,2019,0.05
Europe and Northern America (UN),,2020,0.07
Europe and Northern America (UN),,2021,0.08
Europe and Northern America (UN),,2022,0.12
Europe and Northern America (UN),,2023,0.11
Faroe Islands,FRO,2005,0
Faroe Islands,FRO,2007,0
Faroe Islands,FRO,2013,0
Faroe Islands,FRO,2014,0
Faroe Islands,FRO,2015,0
Faroe Islands,FRO,2016,0
Faroe Islands,FRO,2017,0
Faroe Islands,FRO,2019,0
Faroe Islands,FRO,2020,0
Fiji,FJI,2013,0
Fiji,FJI,2015,0.12
Fiji,FJI,2016,0
Fiji,FJI,2017,0.09
Fiji,FJI,2018,0
Fiji,FJI,2019,0
Finland,FIN,2000,0.03
Finland,FIN,2002,0.03
Finland,FIN,2003,0.04
Finland,FIN,2004,0.04
Finland,FIN,2005,0.05
Finland,FIN,2006,0.03
Finland,FIN,2008,0.04
Finland,FIN,2009,0.04
Finland,FIN,2010,0.03
Finland,FIN,2011,0.02
Finland,FIN,2013,0.03
Finland,FIN,2019,0.01
Finland,FIN,2021,0.01
France,FRA,2000,0.09
France,FRA,2001,0.09
France,FRA,2002,0.08
France,FRA,2003,0.08
France,FRA,2004,0.09
France,FRA,2005,0.09
France,FRA,2006,0.09
France,FRA,2009,0.1
France,FRA,2010,0.11
France,FRA,2011,0.1
France,FRA,2015,0.1
France,FRA,2019,0.08
France,FRA,2020,0.08
French Guiana,GUF,2001,7.64
French Guiana,GUF,2002,6.65
French Guiana,GUF,2005,3.41
French Guiana,GUF,2006,2.53
French Guiana,GUF,2007,2.04
French Guiana,GUF,2011,0
French Guiana,GUF,2012,0
French Guiana,GUF,2013,0
French Guiana,GUF,2014,0
French Guiana,GUF,2015,0
French Guiana,GUF,2016,0
French Guiana,GUF,2017,0
French Guiana,GUF,2018,0
French Guiana,GUF,2020,1.89
French Polynesia,PYF,2013,0
French Polynesia,PYF,2014,0
French Polynesia,PYF,2017,0.35
French Polynesia,PYF,2018,0.26
French Polynesia,PYF,2019,0.26
French Polynesia,PYF,2020,0.17
French Polynesia,PYF,2021,0.09
Gabon,GAB,2004,9.62
Gabon,GAB,2007,7.52
Gabon,GAB,2009,6.48
Gabon,GAB,2010,6.52
Gambia,GMB,2008,5.36
Gambia,GMB,2012,4.05
Gambia,GMB,2013,4.36
Gambia,GMB,2015,3.28
Gambia,GMB,2016,1.1
Gambia,GMB,2017,1.33
Gambia,GMB,2018,1.06
Georgia,GEO,2000,0.42
Georgia,GEO,2006,0.17
Georgia,GEO,2007,0.11
Georgia,GEO,2008,0.16
Georgia,GEO,2010,0.2
Georgia,GEO,2012,0.24
Georgia,GEO,2013,0.2
Georgia,GEO,2014,0.21
Georgia,GEO,2016,0.2
Georgia,GEO,2017,0.1
Georgia,GEO,2018,0.05
Georgia,GEO,2019,0.1
Georgia,GEO,2020,0.07
Germany,DEU,2000,0.16
Germany,DEU,2001,0.2
Germany,DEU,2002,0.21
Germany,DEU,2003,0.18
Germany,DEU,2004,0.18
Germany,DEU,2005,0.18
Germany,DEU,2006,0.17
Germany,DEU,2007,0.18
Germany,DEU,2008,0.16
Germany,DEU,2010,0.13
Germany,DEU,2011,0.14
Germany,DEU,2012,0.13
Germany,DEU,2013,0.13
Germany,DEU,2020,0.07
Ghana,GHA,2002,0.45
Ghana,GHA,2003,2.19
Ghana,GHA,2006,1.25
Ghana,GHA,2009,2.23
Ghana,GHA,2010,4.02
Ghana,GHA,2013,1.65
Ghana,GHA,2015,1.3
Ghana,GHA,2016,1.35
Ghana,GHA,2017,0.87
Ghana,GHA,2018,0.67
Gibraltar,GIB,2001,0
Gibraltar,GIB,2002,0
Gibraltar,GIB,2012,0
Gibraltar,GIB,2013,0
Gibraltar,GIB,2015,0
Greece,GRC,2000,0.26
Greece,GRC,2001,0.41
Greece,GRC,2004,0.43
Greece,GRC,2006,0.47
Greece,GRC,2007,0.46
Greece,GRC,2008,0.49
Greece,GRC,2010,0.41
Greece,GRC,2011,0.4
Greece,GRC,2012,0.35
Greece,GRC,2013,0.36
Greece,GRC,2018,0.4
Greece,GRC,2019,0.36
Greece,GRC,2020,0.42
Greenland,GRL,2001,0.13
Greenland,GRL,2002,0.26
Greenland,GRL,2003,0.26
Greenland,GRL,2004,0.13
Greenland,GRL,2008,0.29
Greenland,GRL,2011,0.63
Greenland,GRL,2012,0.32
Greenland,GRL,2013,0.33
Greenland,GRL,2014,0.34
Greenland,GRL,2015,0.17
Greenland,GRL,2017,0.18
Greenland,GRL,2018,0.18
Guadeloupe,GLP,2001,0.7
Guadeloupe,GLP,2003,0.41
Guadeloupe,GLP,2010,0
Guadeloupe,GLP,2011,0
Guadeloupe,GLP,2012,0
Guadeloupe,GLP,2013,0
Guadeloupe,GLP,2014,0
Guadeloupe,GLP,2015,0
Guadeloupe,GLP,2016,0
Guadeloupe,GLP,2017,0
Guadeloupe,GLP,2018,0
Guadeloupe,GLP,2019,0
Guadeloupe,GLP,2020,0.23
Guam,GUM,2000,1.51
Guam,GUM,2001,1.5
Guam,GUM,2002,0.94
Guam,GUM,2003,0.8
Guam,GUM,2005,1.04
Guam,GUM,2009,0.79
Guam,GUM,2010,0.94
Guam,GUM,2012,0.83
Guam,GUM,2015,0.14
Guam,GUM,2016,0.14
Guam,GUM,2017,0
Guam,GUM,2018,0.43
Guatemala,GTM,2001,4.29
Guatemala,GTM,2006,2.59
Guatemala,GTM,2007,2.5
Guatemala,GTM,2010,2.94
Guatemala,GTM,2011,3.09
Guatemala,GTM,2012,3.24
Guatemala,GTM,2013,2.04
Guatemala,GTM,2014,2.38
Guatemala,GTM,2015,1.97
Guatemala,GTM,2016,2.27
Guatemala,GTM,2017,2.15
Guatemala,GTM,2018,2.14
Guatemala,GTM,2019,2.05
Guatemala,GTM,2020,1.69
Guatemala,GTM,2021,0
Guinea,GIN,2002,8.38
Guinea,GIN,2003,4.17
Guinea,GIN,2008,12.34
Guinea,GIN,2009,19.19
Guinea,GIN,2010,16.57
Guinea,GIN,2012,16.43
Guinea,GIN,2013,11.29
Guinea,GIN,2014,12.52
Guinea,GIN,2015,6.71
Guinea,GIN,2016,4.36
Guinea-Bissau,GNB,2009,6.87
Guinea-Bissau,GNB,2011,6.46
Guinea-Bissau,GNB,2012,1.73
Guinea-Bissau,GNB,2014,3.65
Guinea-Bissau,GNB,2016,1.89
Guinea-Bissau,GNB,2017,1.64
Guyana,GUY,2001,5.07
Guyana,GUY,2010,1.44
Guyana,GUY,2012,1.12
Guyana,GUY,2013,0.26
Guyana,GUY,2015,1.22
Guyana,GUY,2017,1.27
Guyana,GUY,2018,1.29
Haiti,HTI,2001,1.96
Haiti,HTI,2003,1.56
Haiti,HTI,2007,2.02
Haiti,HTI,2009,1.5
Haiti,HTI,2010,1.07
Haiti,HTI,2012,0.84
Haiti,HTI,2014,0.74
Haiti,HTI,2015,1.34
Honduras,HND,2001,4.12
Honduras,HND,2004,2.5
Honduras,HND,2008,2.71
Honduras,HND,2009,2.79
Honduras,HND,2010,3.56
Honduras,HND,2011,3.24
Honduras,HND,2012,3.24
Honduras,HND,2013,3.6
Honduras,HND,2014,3.19
Honduras,HND,2015,2.22
Honduras,HND,2017,3.45
Honduras,HND,2018,2.5
Hong Kong,HKG,2000,0.06
Hong Kong,HKG,2001,0.07
Hong Kong,HKG,2004,0.04
Hong Kong,HKG,2006,0.04
Hong Kong,HKG,2007,0.04
Hong Kong,HKG,2009,0.05
Hong Kong,HKG,2014,0.03
Hong Kong,HKG,2016,0.03
Hong Kong,HKG,2019,0.03
Hong Kong,HKG,2020,0.01
Hong Kong,HKG,2021,0.01
Hungary,HUN,2000,0.54
Hungary,HUN,2001,0.57
Hungary,HUN,2007,0.61
Hungary,HUN,2008,0.62
Hungary,HUN,2009,0.59
Hungary,HUN,2011,0.56
Hungary,HUN,2012,0.57
Hungary,HUN,2015,0.56
Hungary,HUN,2016,0.55
Hungary,HUN,2017,0.48
Hungary,HUN,2019,0.4
Hungary,HUN,2020,0.4
Iceland,ISL,2000,0
Iceland,ISL,2002,0
Iceland,ISL,2003,0
Iceland,ISL,2005,0
Iceland,ISL,2006,0
Iceland,ISL,2007,0
Iceland,ISL,2008,0
Iceland,ISL,2009,0
Iceland,ISL,2011,0
Iceland,ISL,2012,0
Iceland,ISL,2013,0
Iceland,ISL,2015,0
Iceland,ISL,2016,0
Iceland,ISL,2017,0
Iceland,ISL,2019,0
Iceland,ISL,2020,0
Iceland,ISL,2021,0
India,IND,2001,3.56
India,IND,2008,1.95
India,IND,2011,0.76
India,IND,2012,1.3
India,IND,2013,0.42
India,IND,2014,0.24
India,IND,2015,0.6
India,IND,2017,0.3
India,IND,2018,0.19
Indonesia,IDN,2001,0.33
Indonesia,IDN,2006,0.39
Indonesia,IDN,2008,0.81
Indonesia,IDN,2009,0.1
Indonesia,IDN,2010,0.27
Indonesia,IDN,2011,0.26
Indonesia,IDN,2013,0.47
Indonesia,IDN,2015,0.39
Indonesia,IDN,2016,0.28
Iran,IRN,2006,0.72
Iran,IRN,2012,0.65
Iran,IRN,2014,0.66
Iran,IRN,2016,0.56
Iran,IRN,2017,0.54
Iran,IRN,2018,0.51
Iran,IRN,2019,0.46
Iran,IRN,2020,0.44
Iraq,IRQ,2000,0
Iraq,IRQ,2006,1.84
Iraq,IRQ,2008,1.85
Iraq,IRQ,2009,2.11
Iraq,IRQ,2010,2.39
Iraq,IRQ,2013,1.98
Iraq,IRQ,2015,1.83
Iraq,IRQ,2016,1.59
Ireland,IRL,2000,0.11
Ireland,IRL,2001,0.11
Ireland,IRL,2002,0.1
Ireland,IRL,2005,0.09
Ireland,IRL,2008,0.1
Ireland,IRL,2011,0.06
Ireland,IRL,2013,0.04
Ireland,IRL,2014,0.03
Ireland,IRL,2015,0.03
Ireland,IRL,2017,0.03
Ireland,IRL,2018,0.01
Ireland,IRL,2019,0.02
Ireland,IRL,2020,0.02
Isle of Man,IMN,2015,0.47
Israel,ISR,2000,0.04
Israel,ISR,2004,0.02
Israel,ISR,2005,0.02
Israel,ISR,2009,0.01
Israel,ISR,2010,0.01
Israel,ISR,2012,0
Israel,ISR,2013,0
Israel,ISR,2014,0
Israel,ISR,2015,0
Israel,ISR,2016,0
Israel,ISR,2017,0
Israel,ISR,2018,0
Israel,ISR,2019,0.01
Israel,ISR,2020,0
Italy,ITA,2000,0
Italy,ITA,2001,0
Italy,ITA,2002,0
Italy,ITA,2003,0
Italy,ITA,2006,0.01
Italy,ITA,2012,0.02
Italy,ITA,2013,0.02
Italy,ITA,2014,0.01
Italy,ITA,2015,0.02
Italy,ITA,2016,0.01
Italy,ITA,2017,0.01
Italy,ITA,2018,0.01
Italy,ITA,2019,0.01
Italy,ITA,2020,0
Jamaica,JAM,2000,2.4
Jamaica,JAM,2001,2.34
Jamaica,JAM,2002,2.1
Jamaica,JAM,2008,0
Jamaica,JAM,2009,0
Jamaica,JAM,2010,0
Jamaica,JAM,2011,0
Jamaica,JAM,2012,0
Jamaica,JAM,2013,0
Jamaica,JAM,2014,0
Jamaica,JAM,2015,0
Jamaica,JAM,2016,0
Jamaica,JAM,2017,0
Jamaica,JAM,2018,0
Japan,JPN,2000,0.02
Japan,JPN,2001,0.02
Japan,JPN,2003,0.03
Japan,JPN,2004,0.03
Japan,JPN,2005,0.02
Japan,JPN,2010,0.03
Japan,JPN,2011,0.03
Japan,JPN,2013,0.03
Japan,JPN,2014,0.03
Japan,JPN,2016,0.03
Japan,JPN,2017,0.02
Japan,JPN,2018,0.02
Japan,JPN,2019,0.03
Japan,JPN,2020,0.02
Jordan,JOR,2002,0.1
Jordan,JOR,2003,0
Jordan,JOR,2006,0.03
Jordan,JOR,2008,0
Jordan,JOR,2011,0.06
Jordan,JOR,2013,0.09
Jordan,JOR,2015,0.22
Jordan,JOR,2016,0.38
Kazakhstan,KAZ,2000,0.04
Kazakhstan,KAZ,2007,0.03
Kazakhstan,KAZ,2009,0.04
Kazakhstan,KAZ,2010,0.04
Kazakhstan,KAZ,2012,0.03
Kazakhstan,KAZ,2013,0.04
Kazakhstan,KAZ,2014,0.04
Kazakhstan,KAZ,2015,0.03
Kazakhstan,KAZ,2017,0.02
Kazakhstan,KAZ,2018,0.02
Kazakhstan,KAZ,2019,0.02
Kazakhstan,KAZ,2020,0.02
Kazakhstan,KAZ,2021,0.02
Kenya,KEN,2002,2.66
Kenya,KEN,2004,3.53
Kenya,KEN,2006,2.76
Kenya,KEN,2007,2.35
Kenya,KEN,2008,1.33
Kenya,KEN,2009,1.63
Kenya,KEN,2011,1.37
Kenya,KEN,2012,1.14
Kenya,KEN,2013,1.97
Kenya,KEN,2014,2.03
Kenya,KEN,2016,1.11
Kenya,KEN,2017,1.11
Kenya,KEN,2018,1.34
Kenya,KEN,2019,0.79
Kenya,KEN,2020,2
Kiribati,KIR,2011,1.4
Kiribati,KIR,2014,0.8
Kiribati,KIR,2016,1.25
Kiribati,KIR,2017,1.81
Kosovo,OWID_KOS,2004,0
Kosovo,OWID_KOS,2005,0
Kosovo,OWID_KOS,2008,0.03
Kosovo,OWID_KOS,2010,0
Kosovo,OWID_KOS,2011,0.03
Kosovo,OWID_KOS,2013,0
Kosovo,OWID_KOS,2014,0
Kosovo,OWID_KOS,2015,0
Kosovo,OWID_KOS,2016,0.01
Kosovo,OWID_KOS,2017,0.01
Kosovo,OWID_KOS,2018,0.04
Kosovo,OWID_KOS,2019,0.06
Kuwait,KWT,2000,0
Kuwait,KWT,2002,0
Kuwait,KWT,2007,0
Kuwait,KWT,2008,0
Kuwait,KWT,2009,0
Kuwait,KWT,2011,0
Kuwait,KWT,2012,0
Kuwait,KWT,2015,0
Kuwait,KWT,2016,0
Kuwait,KWT,2019,0
Kuwait,KWT,2020,0
Kyrgyzstan,KGZ,2001,0.01
Kyrgyzstan,KGZ,2003,0.02
Kyrgyzstan,KGZ,2004,0.01
Kyrgyzstan,KGZ,2006,0.01
Kyrgyzstan,KGZ,2007,0.01
Kyrgyzstan,KGZ,2008,0.01
Kyrgyzstan,KGZ,2009,0.01
Kyrgyzstan,KGZ,2010,0.01
Kyrgyzstan,KGZ,2012,0.01
Kyrgyzstan,KGZ,2014,0.02
Kyrgyzstan,KGZ,2016,0.02
Kyrgyzstan,KGZ,2019,0.03
Kyrgyzstan,KGZ,2020,0.03
Laos,LAO,2004,5.1
Laos,LAO,2007,3.68
Laos,LAO,2009,2.03
Laos,LAO,2010,1.28
Laos,LAO,2013,4.4
Laos,LAO,2015,3.1
Laos,LAO,2016,2.57
Latin America and the Caribbean (UN),,2000,4.23
Latin America and the Caribbean (UN),,2001,4.2
Latin America and the Caribbean (UN),,2002,4.03
Latin America and the Caribbean (UN),,2003,3.88
Latin America and the Caribbean (UN),,2004,3.86
Latin America and the Caribbean (UN),,2005,3.87
Latin America and the Caribbean (UN),,2006,3.8
Latin America and the Caribbean (UN),,2007,3.78
Latin America and the Caribbean (UN),,2008,3.73
Latin America and the Caribbean (UN),,2009,3.68
Latin America and the Caribbean (UN),,2010,3.63
Latin America and the Caribbean (UN),,2011,3.63
Latin America and the Caribbean (UN),,2012,3.6
Latin America and the Caribbean (UN),,2013,3.48
Latin America and the Caribbean (UN),,2014,3.39
Latin America and the Caribbean (UN),,2015,3.27
Latin America and the Caribbean (UN),,2016,3.08
Latin America and the Caribbean (UN),,2017,2.96
Latin America and the Caribbean (UN),,2018,2.84
Latin America and the Caribbean (UN),,2019,2.67
Latin America and the Caribbean (UN),,2020,2.51
Latin America and the Caribbean (UN),,2021,2.44
Latin America and the Caribbean (UN),,2022,2.36
Latin America and the Caribbean (UN),,2023,2.31
Latvia,LVA,2000,0.05
Latvia,LVA,2001,0.07
Latvia,LVA,2002,0.02
Latvia,LVA,2003,0.02
Latvia,LVA,2004,0.02
Latvia,LVA,2006,0.08
Latvia,LVA,2007,0.06
Latvia,LVA,2008,0.06
Latvia,LVA,2010,0.04
Latvia,LVA,2012,0.12
Latvia,LVA,2013,0.11
Latvia,LVA,2014,0.08
Latvia,LVA,2019,0.04
Latvia,LVA,2020,0.04
Latvia,LVA,2021,0
Least Developed Countries (LDCs),,2000,9.45
Least Developed Countries (LDCs),,2001,9.35
Least Developed Countries (LDCs),,2002,8.88
Least Developed Countries (LDCs),,2003,8.55
Least Developed Countries (LDCs),,2004,8.36
Least Developed Countries (LDCs),,2005,7.73
Least Developed Countries (LDCs),,2006,7.43
Least Developed Countries (LDCs),,2007,7.29
Least Developed Countries (LDCs),,2008,6.75
Least Developed Countries (LDCs),,2009,6.29
Least Developed Countries (LDCs),,2010,6.14
Least Developed Countries (LDCs),,2011,5.78
Least Developed Countries (LDCs),,2012,5.56
Least Developed Countries (LDCs),,2013,5.3
Least Developed Countries (LDCs),,2014,4.97
Least Developed Countries (LDCs),,2015,4.81
Least Developed Countries (LDCs),,2016,4.72
Least Developed Countries (LDCs),,2017,4.56
Least Developed Countries (LDCs),,2018,4.49
Least Developed Countries (LDCs),,2019,4.45
Least Developed Countries (LDCs),,2020,4.38
Least Developed Countries (LDCs),,2021,4.32
Least Developed Countries (LDCs),,2022,4.17
Least Developed Countries (LDCs),,2023,4.05
Lesotho,LSO,2003,0
Lesotho,LSO,2005,1.07
Lesotho,LSO,2012,0.66
Lesotho,LSO,2013,0.95
Lesotho,LSO,2014,0.55
Lesotho,LSO,2016,0.57
Lesotho,LSO,2017,0.13
Lesotho,LSO,2020,0.11
Liberia,LBR,2001,11.07
Liberia,LBR,2004,5.5
Liberia,LBR,2005,6.12
Liberia,LBR,2008,7.63
Liberia,LBR,2010,4.44
Liberia,LBR,2012,6.56
Liberia,LBR,2014,5.9
Liberia,LBR,2015,5.59
Liberia,LBR,2017,4.71
Liberia,LBR,2018,3.81
Liechtenstein,LIE,2000,0.04
Liechtenstein,LIE,2001,0.02
Liechtenstein,LIE,2002,0.02
Liechtenstein,LIE,2003,0
Liechtenstein,LIE,2004,0.03
Liechtenstein,LIE,2005,0
Liechtenstein,LIE,2006,0.02
Liechtenstein,LIE,2007,0.04
Liechtenstein,LIE,2008,0
Liechtenstein,LIE,2009,0.01
Liechtenstein,LIE,2010,0
Liechtenstein,LIE,2011,0
Liechtenstein,LIE,2012,0.04
Liechtenstein,LIE,2013,0.03
Liechtenstein,LIE,2014,0.04
Liechtenstein,LIE,2015,0
Liechtenstein,LIE,2016,0
Lithuania,LTU,2000,0.1
Lithuania,LTU,2001,0.12
Lithuania,LTU,2002,0.08
Lithuania,LTU,2003,0.09
Lithuania,LTU,2006,0.15
Lithuania,LTU,2007,0.18
Lithuania,LTU,2009,0.13
Lithuania,LTU,2013,0.13
Lithuania,LTU,2016,0.16
Lithuania,LTU,2017,0.11
Lithuania,LTU,2018,0.11
Lithuania,LTU,2019,0.08
Lithuania,LTU,2020,0.03
Luxembourg,LUX,2000,0.27
Luxembourg,LUX,2004,0.12
Luxembourg,LUX,2006,0.12
Luxembourg,LUX,2007,0
Luxembourg,LUX,2008,0
Luxembourg,LUX,2009,0
Luxembourg,LUX,2010,0.11
Luxembourg,LUX,2011,0
Luxembourg,LUX,2012,0
Luxembourg,LUX,2015,0.07
Luxembourg,LUX,2016,0
Luxembourg,LUX,2017,0
Luxembourg,LUX,2019,0
Luxembourg,LUX,2020,0
Macao,MAC,2001,0
Macao,MAC,2002,0
Macao,MAC,2003,0
Macao,MAC,2004,0
Macao,MAC,2006,0
Macao,MAC,2007,0
Macao,MAC,2013,0
Macao,MAC,2014,0
Macao,MAC,2015,0
Macao,MAC,2016,0
Macao,MAC,2017,0
Macao,MAC,2018,0
Macao,MAC,2019,0
Macao,MAC,2020,0
Madagascar,MDG,2009,11.2
Madagascar,MDG,2011,16.9
Madagascar,MDG,2013,15.31
Madagascar,MDG,2014,15.11
Madagascar,MDG,2016,13.6
Madagascar,MDG,2018,9.92
Madagascar,MDG,2019,7.08
Malawi,MWI,2004,3.11
Malawi,MWI,2005,2.41
Malawi,MWI,2008,2.07
Malawi,MWI,2010,3.09
Malawi,MWI,2011,2.41
Malawi,MWI,2013,2.61
Malawi,MWI,2014,2.99
Malawi,MWI,2015,3.44
Malawi,MWI,2017,2.42
Malawi,MWI,2018,2.05
Malaysia,MYS,2001,0.17
Malaysia,MYS,2009,0.16
Malaysia,MYS,2011,0.17
Malaysia,MYS,2012,0.16
Malaysia,MYS,2013,0.13
Malaysia,MYS,2014,0.15
Malaysia,MYS,2015,0.16
Malaysia,MYS,2016,0.13
Malaysia,MYS,2017,0.14
Malaysia,MYS,2018,0.14
Malaysia,MYS,2019,0.13
Malaysia,MYS,2020,0.1
Maldives,MDV,2000,0.3
Maldives,MDV,2003,0.1
Maldives,MDV,2006,0.05
Maldives,MDV,2007,0.11
Maldives,MDV,2008,0.06
Maldives,MDV,2009,0.06
Maldives,MDV,2010,0.07
Maldives,MDV,2011,0
Maldives,MDV,2012,0
Maldives,MDV,2013,0.07
Maldives,MDV,2014,0
Maldives,MDV,2015,0
Maldives,MDV,2016,0.07
Maldives,MDV,2017,0.07
Maldives,MDV,2019,0.13
Mali,MLI,2004,9.29
Mali,MLI,2010,17.1
Mali,MLI,2011,12.29
Mali,MLI,2013,9.86
Mali,MLI,2014,12.99
Mali,MLI,2016,8.55
Mali,MLI,2017,6.75
Malta,MLT,2000,1.31
Malta,MLT,2001,1.16
Malta,MLT,2008,0.67
Malta,MLT,2009,0.52
Malta,MLT,2010,0.44
Malta,MLT,2012,0.28
Malta,MLT,2013,0.29
Malta,MLT,2014,0
Malta,MLT,2015,0.3
Malta,MLT,2016,0.3
Malta,MLT,2017,0.1
Malta,MLT,2018,0.1
Malta,MLT,2019,0.1
Malta,MLT,2020,0.09
Marshall Islands,MHL,2002,1.13
Marshall Islands,MHL,2003,0.97
Marshall Islands,MHL,2004,0.6
Marshall Islands,MHL,2005,0.1
Martinique,MTQ,2002,0.34
Martinique,MTQ,2006,0.2
Martinique,MTQ,2007,0.14
Martinique,MTQ,2010,0
Martinique,MTQ,2011,0
Martinique,MTQ,2012,0
Martinique,MTQ,2013,0
Martinique,MTQ,2014,0
Martinique,MTQ,2015,0
Martinique,MTQ,2016,0
Martinique,MTQ,2017,0
Martinique,MTQ,2018,0
Martinique,MTQ,2019,0
Martinique,MTQ,2020,0.09
Mauritania,MRT,2002,4
Mauritania,MRT,2009,7.6
Mauritania,MRT,2011,11.1
Mauritania,MRT,2013,13.13
Mauritania,MRT,2016,12.03
Mauritania,MRT,2018,8.53
Mauritania,MRT,2019,6.27
Mauritius,MUS,2000,0.73
Mauritius,MUS,2001,0.61
Mauritius,MUS,2002,0.64
Mauritius,MUS,2003,0.53
Mauritius,MUS,2005,0.53
Mauritius,MUS,2006,0.53
Mauritius,MUS,2010,0.47
Mauritius,MUS,2011,0.5
Mauritius,MUS,2013,0.62
Mauritius,MUS,2014,0.6
Mauritius,MUS,2015,0.56
Mauritius,MUS,2016,0.55
Mauritius,MUS,2017,0.7
Mauritius,MUS,2018,0.65
Mauritius,MUS,2020,0.53
Mauritius,MUS,2021,0.35
Mayotte,MYT,2020,1.79
Mexico,MEX,2001,1.73
Mexico,MEX,2002,1.63
Mexico,MEX,2007,1.64
Mexico,MEX,2008,1.71
Mexico,MEX,2010,1.7
Mexico,MEX,2011,1.63
Mexico,MEX,2013,1.62
Mexico,MEX,2017,1.21
Mexico,MEX,2018,1.12
Mexico,MEX,2019,0.98
Micronesia (country),FSM,2000,1
Micronesia (country),FSM,2001,1.03
Micronesia (country),FSM,2002,1.34
Micronesia (country),FSM,2003,1.5
Micronesia (country),FSM,2004,2.2
Micronesia (country),FSM,2005,2.5
Micronesia (country),FSM,2006,1.3
Moldova,MDA,2000,0.1
Moldova,MDA,2001,0.11
Moldova,MDA,2002,0.07
Moldova,MDA,2003,0.11
Moldova,MDA,2004,0.07
Moldova,MDA,2009,0.09
Moldova,MDA,2010,0.07
Moldova,MDA,2011,0.07
Moldova,MDA,2016,0.13
Moldova,MDA,2018,0.07
Moldova,MDA,2020,0.1
Mongolia,MNG,2003,0
Mongolia,MNG,2004,0
Mongolia,MNG,2005,0
Mongolia,MNG,2006,0
Mongolia,MNG,2007,0
Mongolia,MNG,2008,0
Mongolia,MNG,2009,0
Mongolia,MNG,2010,0
Mongolia,MNG,2011,0
Mongolia,MNG,2012,0
Mongolia,MNG,2013,0
Mongolia,MNG,2014,0
Mongolia,MNG,2015,0
Mongolia,MNG,2016,0
Mongolia,MNG,2020,0.09
Montenegro,MNE,2000,0
Montenegro,MNE,2003,0
Montenegro,MNE,2004,0.09
Montenegro,MNE,2005,0.14
Montenegro,MNE,2008,0.24
Montenegro,MNE,2010,0.25
Montenegro,MNE,2011,0.25
Montenegro,MNE,2013,0.15
Montenegro,MNE,2014,0.16
Montenegro,MNE,2015,0.11
Montenegro,MNE,2016,0.17
Montenegro,MNE,2017,0.11
Montenegro,MNE,2019,0.11
Montenegro,MNE,2020,0.11
Montenegro,MNE,2021,0.11
Montserrat,MSR,2004,1.33
Montserrat,MSR,2010,2.59
Montserrat,MSR,2011,2.5
Montserrat,MSR,2012,2.4
Montserrat,MSR,2013,2.38
Montserrat,MSR,2014,1.18
Morocco,MAR,2000,0.42
Morocco,MAR,2001,0.62
Morocco,MAR,2002,0.1
Morocco,MAR,2008,0.26
Morocco,MAR,2009,0.12
Morocco,MAR,2018,0.01
Mozambique,MOZ,2002,9.86
Mozambique,MOZ,2004,12.26
Mozambique,MOZ,2006,8.76
Mozambique,MOZ,2007,8.7
Mozambique,MOZ,2009,5.75
Mozambique,MOZ,2010,5.52
Mozambique,MOZ,2013,11.97
Mozambique,MOZ,2015,9.65
Mozambique,MOZ,2016,4.43
Myanmar,MMR,2010,0
Myanmar,MMR,2011,0
Myanmar,MMR,2012,0
Myanmar,MMR,2013,0
Myanmar,MMR,2014,0
Myanmar,MMR,2015,0.03
Myanmar,MMR,2016,0.04
Myanmar,MMR,2017,0.06
Myanmar,MMR,2018,0.07
Myanmar,MMR,2019,0.09
Namibia,NAM,2002,3.28
Namibia,NAM,2004,2.82
Namibia,NAM,2005,1.88
Namibia,NAM,2006,1.87
Namibia,NAM,2009,1.54
Namibia,NAM,2011,2.26
Namibia,NAM,2012,3.95
Nauru,NRU,2000,0
Nauru,NRU,2001,0
Nauru,NRU,2002,0
Nauru,NRU,2006,0
Nauru,NRU,2007,0
Nauru,NRU,2008,0
Nauru,NRU,2009,0
Nepal,NPL,2001,1.98
Nepal,NPL,2004,0.31
Nepal,NPL,2008,0.58
Nepal,NPL,2011,1.18
Nepal,NPL,2012,2.37
Nepal,NPL,2014,1.37
Nepal,NPL,2017,1.32
Nepal,NPL,2018,0.44
Netherlands,NLD,2000,0.07
Netherlands,NLD,2001,0.07
Netherlands,NLD,2002,0.06
Netherlands,NLD,2003,0.05
Netherlands,NLD,2005,0.05
Netherlands,NLD,2008,0.05
Netherlands,NLD,2011,0.04
Netherlands,NLD,2013,0.04
Netherlands,NLD,2015,0.03
Netherlands,NLD,2016,0.02
Netherlands,NLD,2017,0.02
Netherlands,NLD,2018,0.02
Netherlands,NLD,2019,0.01
Netherlands,NLD,2020,0
New Caledonia,NCL,2000,0.09
New Caledonia,NCL,2001,0
New Caledonia,NCL,2003,0
New Caledonia,NCL,2005,0
New Caledonia,NCL,2006,0
New Caledonia,NCL,2007,0
New Caledonia,NCL,2010,0
New Caledonia,NCL,2012,0
New Caledonia,NCL,2015,0
New Zealand,NZL,2000,0.22
New Zealand,NZL,2001,0.19
New Zealand,NZL,2002,0.19
New Zealand,NZL,2004,0.24
New Zealand,NZL,2005,0.24
New Zealand,NZL,2006,0.23
New Zealand,NZL,2009,0.2
New Zealand,NZL,2011,0.17
New Zealand,NZL,2013,0.14
New Zealand,NZL,2016,0.1
New Zealand,NZL,2017,0.12
New Zealand,NZL,2018,0.1
New Zealand,NZL,2020,0
Nicaragua,NIC,2000,3.16
Nicaragua,NIC,2001,2.88
Nicaragua,NIC,2002,3.04
Nicaragua,NIC,2005,4.22
Nicaragua,NIC,2006,4.09
Nicaragua,NIC,2007,4.4
Nicaragua,NIC,2008,4.25
Nicaragua,NIC,2009,4.69
Nicaragua,NIC,2010,4.58
Niger,NER,2001,14.74
Niger,NER,2003,10.12
Niger,NER,2004,7.28
Niger,NER,2009,8.85
Niger,NER,2010,5.66
Niger,NER,2020,3.97
Nigeria,NGA,2001,5.85
Nigeria,NGA,2010,4.07
Nigeria,NGA,2012,9.93
Nigeria,NGA,2014,5.79
Nigeria,NGA,2015,5.48
Nigeria,NGA,2016,2.41
Nigeria,NGA,2017,4.32
Nigeria,NGA,2019,2.75
Nigeria,NGA,2020,1.87
North Korea,PRK,2008,0
North Macedonia,MKD,2000,0.37
North Macedonia,MKD,2006,0.4
North Macedonia,MKD,2007,0.34
North Macedonia,MKD,2008,0.35
North Macedonia,MKD,2010,0.41
North Macedonia,MKD,2011,0.37
North Macedonia,MKD,2012,0.43
North Macedonia,MKD,2013,0.43
North Macedonia,MKD,2017,0.37
North Macedonia,MKD,2018,0.35
North Macedonia,MKD,2019,0.29
North Macedonia,MKD,2020,0.35
Northern Africa (UN),,2000,1.95
Northern Africa (UN),,2001,1.96
Northern Africa (UN),,2002,1.92
Northern Africa (UN),,2003,1.91
Northern Africa (UN),,2004,1.78
Northern Africa (UN),,2005,1.65
Northern Africa (UN),,2006,1.75
Northern Africa (UN),,2007,1.86
Northern Africa (UN),,2008,1.82
Northern Africa (UN),,2009,1.8
Northern Africa (UN),,2010,1.8
Northern Africa (UN),,2011,1.69
Northern Africa (UN),,2012,1.61
Northern Africa (UN),,2013,1.6
Northern Africa (UN),,2014,1.57
Northern Africa (UN),,2015,1.51
Northern Africa (UN),,2016,1.39
Northern Africa (UN),,2017,1.3
Northern Africa (UN),,2018,1.2
Northern Africa (UN),,2019,1.12
Northern Africa (UN),,2020,1.08
Northern Africa (UN),,2021,1.05
Northern Africa (UN),,2022,1.05
Northern Africa (UN),,2023,1
Northern America (UN),,2000,1.22
Northern America (UN),,2001,1.12
Northern America (UN),,2002,1.04
Northern America (UN),,2003,0.97
Northern America (UN),,2004,0.96
Northern America (UN),,2005,0.93
Northern America (UN),,2006,0.93
Northern America (UN),,2007,0.96
Northern America (UN),,2008,0.93
Northern America (UN),,2009,0.85
Northern America (UN),,2010,0.72
Northern America (UN),,2011,0.58
Northern America (UN),,2012,0.53
Northern America (UN),,2013,0.39
Northern America (UN),,2014,0.34
Northern America (UN),,2015,0.27
Northern America (UN),,2016,0.2
Northern America (UN),,2017,0.15
Northern America (UN),,2018,0.12
Northern America (UN),,2019,0.1
Northern America (UN),,2020,0.1
Northern America (UN),,2021,0.12
Northern America (UN),,2022,0.11
Northern America (UN),,2023,0.1
Northern Mariana Islands,MNP,2000,0.87
Northern Mariana Islands,MNP,2001,0.35
Northern Mariana Islands,MNP,2003,0.78
Northern Mariana Islands,MNP,2005,0.25
Northern Mariana Islands,MNP,2007,0.3
Northern Mariana Islands,MNP,2008,0.34
Northern Mariana Islands,MNP,2009,0.77
Northern Mariana Islands,MNP,2011,0.5
Northern Mariana Islands,MNP,2013,2.24
Norway,NOR,2000,0.02
Norway,NOR,2002,0.05
Norway,NOR,2006,0.03
Norway,NOR,2010,0.03
Norway,NOR,2011,0.02
Norway,NOR,2012,0.02
Norway,NOR,2013,0.01
Norway,NOR,2014,0.01
Norway,NOR,2016,0
Norway,NOR,2017,0
Norway,NOR,2018,0
Norway,NOR,2019,0
Norway,NOR,2020,0
Oceania (UN),,2000,1.55
Oceania (UN),,2001,1.61
Oceania (UN),,2002,1.6
Oceania (UN),,2003,1.59
Oceania (UN),,2004,1.55
Oceania (UN),,2005,1.5
Oceania (UN),,2006,1.48
Oceania (UN),,2007,1.46
Oceania (UN),,2008,1.4
Oceania (UN),,2009,1.34
Oceania (UN),,2010,1.37
Oceania (UN),,2011,1.33
Oceania (UN),,2012,1.3
Oceania (UN),,2013,1.27
Oceania (UN),,2014,1.18
Oceania (UN),,2015,1.1
Oceania (UN),,2016,1.02
Oceania (UN),,2017,0.99
Oceania (UN),,2018,0.98
Oceania (UN),,2019,0.95
Oceania (UN),,2020,0.94
Oceania (UN),,2021,0.93
Oceania (UN),,2022,0.94
Oceania (UN),,2023,0.91
Oman,OMN,2006,0.22
Oman,OMN,2010,0
Oman,OMN,2011,0
Oman,OMN,2012,0
Oman,OMN,2013,0
Oman,OMN,2014,0
Oman,OMN,2015,0
Oman,OMN,2016,0
Oman,OMN,2017,0
Oman,OMN,2018,0
Oman,OMN,2019,0.03
Oman,OMN,2020,0.07
Oman,OMN,2021,0.05
Pakistan,PAK,2002,1.59
Pakistan,PAK,2008,0.72
Pakistan,PAK,2010,1.57
Pakistan,PAK,2011,0.03
Pakistan,PAK,2013,1.15
Pakistan,PAK,2015,0.56
Pakistan,PAK,2016,0.4
Palau,PLW,2003,0.01
Palau,PLW,2004,0.01
Palau,PLW,2005,0
Palau,PLW,2012,0
Palau,PLW,2013,0
Palau,PLW,2014,0
Palau,PLW,2015,0
Palau,PLW,2016,0.01
Palau,PLW,2017,0
Palau,PLW,2018,0
Palau,PLW,2019,0
Palestine,PSE,2008,0.06
Palestine,PSE,2011,0
Palestine,PSE,2012,0
Palestine,PSE,2015,0
Palestine,PSE,2017,0
Palestine,PSE,2018,0
Panama,PAN,2000,3.42
Panama,PAN,2002,3.11
Panama,PAN,2003,3.14
Panama,PAN,2007,3.45
Panama,PAN,2009,3.78
Panama,PAN,2010,3.7
Panama,PAN,2011,3.86
Panama,PAN,2015,3.5
Panama,PAN,2017,2.95
Panama,PAN,2018,2.94
Panama,PAN,2019,2.56
Panama,PAN,2020,2.17
Papua New Guinea,PNG,2010,5.65
Papua New Guinea,PNG,2013,1.75
Papua New Guinea,PNG,2015,1.03
Papua New Guinea,PNG,2016,1.1
Paraguay,PRY,2002,1.93
Paraguay,PRY,2004,0.83
Paraguay,PRY,2006,1.56
Paraguay,PRY,2007,1.38
Paraguay,PRY,2008,1.69
Paraguay,PRY,2012,3.33
Paraguay,PRY,2014,2.99
Paraguay,PRY,2015,3.24
Paraguay,PRY,2016,0.75
Peru,PER,2000,0.7
Peru,PER,2001,0.65
Peru,PER,2002,0.66
Peru,PER,2005,0.62
Peru,PER,2006,0.66
Peru,PER,2007,0.81
Peru,PER,2008,0.83
Peru,PER,2009,0.95
Peru,PER,2010,1.01
Peru,PER,2012,1.08
Peru,PER,2013,0.82
Peru,PER,2014,1.14
Peru,PER,2015,1.04
Peru,PER,2016,0.99
Peru,PER,2017,1.01
Peru,PER,2018,1.03
Peru,PER,2020,0.77
Peru,PER,2021,0.96
Philippines,PHL,2006,0.16
Philippines,PHL,2007,0.2
Philippines,PHL,2010,0.27
Philippines,PHL,2011,0.28
Philippines,PHL,2012,0.32
Philippines,PHL,2013,0.32
Philippines,PHL,2017,0.39
Philippines,PHL,2018,0.42
Philippines,PHL,2019,0.45
Poland,POL,2000,0.07
Poland,POL,2001,0.07
Poland,POL,2002,0.06
Poland,POL,2007,0.09
Poland,POL,2009,0.1
Poland,POL,2010,0.11
Poland,POL,2012,0.1
Poland,POL,2014,0.09
Poland,POL,2016,0.09
Poland,POL,2018,0.07
Poland,POL,2019,0.07
Poland,POL,2020,0.04
Portugal,PRT,2001,0.53
Portugal,PRT,2002,0.55
Portugal,PRT,2006,0.44
Portugal,PRT,2007,0.43
Portugal,PRT,2009,0.39
Portugal,PRT,2010,0.35
Portugal,PRT,2011,0.36
Portugal,PRT,2012,0.33
Portugal,PRT,2013,0.32
Portugal,PRT,2015,0.28
Portugal,PRT,2016,0.28
Portugal,PRT,2017,0.27
Portugal,PRT,2018,0.23
Portugal,PRT,2019,0.19
Portugal,PRT,2021,0.11
Puerto Rico,PRI,2000,1.86
Puerto Rico,PRI,2001,1.74
Puerto Rico,PRI,2004,1.47
Puerto Rico,PRI,2006,1.21
Puerto Rico,PRI,2007,1.22
Puerto Rico,PRI,2008,1.11
Puerto Rico,PRI,2011,0.74
Puerto Rico,PRI,2012,0.66
Puerto Rico,PRI,2013,0.54
Puerto Rico,PRI,2014,0.46
Puerto Rico,PRI,2015,0.42
Puerto Rico,PRI,2017,0.29
Puerto Rico,PRI,2018,0.17
Puerto Rico,PRI,2019,0.2
Puerto Rico,PRI,2020,0.12
Qatar,QAT,2000,0
Qatar,QAT,2001,0
Qatar,QAT,2002,0
Qatar,QAT,2004,0
Qatar,QAT,2008,0
Qatar,QAT,2009,0
Qatar,QAT,2012,0
Qatar,QAT,2013,0
Qatar,QAT,2019,0
Qatar,QAT,2020,0
Reunion,REU,2000,0
Reunion,REU,2001,0
Reunion,REU,2002,0
Reunion,REU,2010,0
Reunion,REU,2011,0
Reunion,REU,2012,0
Reunion,REU,2013,0
Reunion,REU,2014,0
Reunion,REU,2015,0
Reunion,REU,2016,0
Reunion,REU,2017,0
Reunion,REU,2018,0.01
Reunion,REU,2019,0
Reunion,REU,2020,0.27
Romania,ROU,2000,0.63
Romania,ROU,2002,0.69
Romania,ROU,2004,0.8
Romania,ROU,2008,1.24
Romania,ROU,2010,1.37
Romania,ROU,2011,1.41
Romania,ROU,2013,1.36
Romania,ROU,2014,1.4
Romania,ROU,2016,1.42
Romania,ROU,2017,1.49
Romania,ROU,2018,1.41
Romania,ROU,2019,1.45
Romania,ROU,2020,1.42
Russia,RUS,2000,0.07
Russia,RUS,2001,0.08
Russia,RUS,2002,0.1
Russia,RUS,2004,0.14
Russia,RUS,2005,0.16
Russia,RUS,2007,0.17
Russia,RUS,2009,0.19
Russia,RUS,2011,0.19
Russia,RUS,2012,0.19
Russia,RUS,2016,0.14
Russia,RUS,2017,0.12
Russia,RUS,2018,0.11
Rwanda,RWA,2005,0.44
Rwanda,RWA,2008,0.19
Rwanda,RWA,2010,0.22
Rwanda,RWA,2011,0.11
Rwanda,RWA,2015,0.29
Rwanda,RWA,2017,0.29
Rwanda,RWA,2018,0.31
Rwanda,RWA,2021,0.23
Saint Barthlemy,,2012,0
Saint Barthlemy,,2013,0
Saint Barthlemy,,2014,0
Saint Barthlemy,,2018,0
Saint Kitts and Nevis,KNA,2000,0.43
Saint Lucia,LCA,2000,0
Saint Lucia,LCA,2002,0
Saint Lucia,LCA,2004,0.97
Saint Lucia,LCA,2005,0.85
Saint Lucia,LCA,2007,0.12
Saint Lucia,LCA,2008,0.63
Saint Lucia,LCA,2013,0.85
Saint Lucia,LCA,2014,0.88
Saint Martin (French part),MAF,2011,0
Saint Martin (French part),MAF,2012,0
Saint Martin (French part),MAF,2013,0
Saint Martin (French part),MAF,2014,0
Saint Martin (French part),MAF,2018,0
Saint Martin (French part),MAF,2019,0.23
Saint Pierre and Miquelon,SPM,2010,0.84
Saint Pierre and Miquelon,SPM,2011,0.94
Saint Pierre and Miquelon,SPM,2012,0
Saint Pierre and Miquelon,SPM,2013,0
Saint Pierre and Miquelon,SPM,2014,0
Saint Pierre and Miquelon,SPM,2018,0
Saint Vincent and the Grenadines,VCT,2000,1.73
Saint Vincent and the Grenadines,VCT,2001,2.64
Saint Vincent and the Grenadines,VCT,2002,2.29
Saint Vincent and the Grenadines,VCT,2003,1.75
Saint Vincent and the Grenadines,VCT,2008,1.52
Saint Vincent and the Grenadines,VCT,2009,1.77
Saint Vincent and the Grenadines,VCT,2011,1.49
Saint Vincent and the Grenadines,VCT,2012,1.56
Saint Vincent and the Grenadines,VCT,2018,1.58
Saint Vincent and the Grenadines,VCT,2019,0.79
Samoa,WSM,2012,0.24
Samoa,WSM,2015,0.11
Samoa,WSM,2017,0.25
Samoa,WSM,2018,0.45
San Marino,SMR,2003,0.31
San Marino,SMR,2004,0.29
San Marino,SMR,2012,0
San Marino,SMR,2014,0
Sao Tome and Principe,STP,2004,1.5
Sao Tome and Principe,STP,2010,1.59
Sao Tome and Principe,STP,2012,2.14
Sao Tome and Principe,STP,2013,1.44
Sao Tome and Principe,STP,2015,1.07
Sao Tome and Principe,STP,2017,1.08
Sao Tome and Principe,STP,2018,0.37
Senegal,SEN,2004,5.11
Senegal,SEN,2011,5.35
Senegal,SEN,2013,1.47
Senegal,SEN,2014,1.9
Senegal,SEN,2015,1.9
Senegal,SEN,2016,1.19
Senegal,SEN,2017,0.89
Senegal,SEN,2018,0.89
Serbia,SRB,2005,0.29
Serbia,SRB,2006,0.27
Serbia,SRB,2007,0.34
Serbia,SRB,2008,0.31
Serbia,SRB,2009,0.45
Serbia,SRB,2010,0.33
Serbia,SRB,2011,0.28
Serbia,SRB,2012,0.36
Serbia,SRB,2013,0.25
Serbia,SRB,2014,0.31
Serbia,SRB,2015,0.21
Serbia,SRB,2016,0.28
Serbia,SRB,2017,0.26
Serbia,SRB,2018,0.29
Serbia,SRB,2019,0.27
Serbia,SRB,2020,0.23
Seychelles,SYC,2000,1
Seychelles,SYC,2001,1
Seychelles,SYC,2002,1
Seychelles,SYC,2003,1
Seychelles,SYC,2005,1
Seychelles,SYC,2006,1.02
Seychelles,SYC,2008,0.78
Seychelles,SYC,2009,1.09
Seychelles,SYC,2010,1.13
Seychelles,SYC,2011,1.18
Seychelles,SYC,2012,1
Seychelles,SYC,2013,0.9
Seychelles,SYC,2014,1.5
Seychelles,SYC,2015,1.48
Seychelles,SYC,2018,1.38
Seychelles,SYC,2020,1.05
Seychelles,SYC,2021,1.3
Sierra Leone,SLE,2005,11.22
Sierra Leone,SLE,2012,11.01
Sierra Leone,SLE,2013,9.96
Sierra Leone,SLE,2014,11.2
Sierra Leone,SLE,2015,7.55
Sierra Leone,SLE,2016,3.32
Sierra Leone,SLE,2017,4.4
Sierra Leone,SLE,2018,3.94
Singapore,SGP,2000,0.13
Singapore,SGP,2002,0.13
Singapore,SGP,2004,0.11
Singapore,SGP,2005,0.09
Singapore,SGP,2006,0.1
Singapore,SGP,2008,0.1
Singapore,SGP,2009,0.09
Singapore,SGP,2011,0.08
Singapore,SGP,2012,0.07
Singapore,SGP,2013,0.06
Singapore,SGP,2018,0.04
Singapore,SGP,2020,0.04
Slovakia,SVK,2000,0.27
Slovakia,SVK,2001,0.35
Slovakia,SVK,2002,0.31
Slovakia,SVK,2003,0.28
Slovakia,SVK,2004,0.31
Slovakia,SVK,2007,0.38
Slovakia,SVK,2011,0.49
Slovakia,SVK,2013,0.47
Slovakia,SVK,2016,0.37
Slovakia,SVK,2019,0.28
Slovakia,SVK,2020,0.34
Slovenia,SVN,2000,0.03
Slovenia,SVN,2001,0.03
Slovenia,SVN,2003,0.06
Slovenia,SVN,2006,0.03
Slovenia,SVN,2007,0.03
Slovenia,SVN,2008,0.07
Slovenia,SVN,2009,0.04
Slovenia,SVN,2010,0.04
Slovenia,SVN,2011,0.04
Slovenia,SVN,2015,0.08
Slovenia,SVN,2016,0.08
Slovenia,SVN,2017,0.07
Slovenia,SVN,2019,0.11
Slovenia,SVN,2020,0.08
Small Island Developing States (SIDS),,2000,3.84
Small Island Developing States (SIDS),,2001,3.8
Small Island Developing States (SIDS),,2002,3.72
Small Island Developing States (SIDS),,2003,3.62
Small Island Developing States (SIDS),,2004,3.47
Small Island Developing States (SIDS),,2005,3.37
Small Island Developing States (SIDS),,2006,3.34
Small Island Developing States (SIDS),,2007,3.35
Small Island Developing States (SIDS),,2008,3.34
Small Island Developing States (SIDS),,2009,3.28
Small Island Developing States (SIDS),,2010,3.32
Small Island Developing States (SIDS),,2011,3.31
Small Island Developing States (SIDS),,2012,3.17
Small Island Developing States (SIDS),,2013,2.95
Small Island Developing States (SIDS),,2014,2.79
Small Island Developing States (SIDS),,2015,2.69
Small Island Developing States (SIDS),,2016,2.61
Small Island Developing States (SIDS),,2017,2.53
Small Island Developing States (SIDS),,2018,2.46
Small Island Developing States (SIDS),,2019,2.34
Small Island Developing States (SIDS),,2020,2.17
Small Island Developing States (SIDS),,2021,2.07
Small Island Developing States (SIDS),,2022,2.01
Small Island Developing States (SIDS),,2023,1.95
Somalia,SOM,2011,4.77
Somalia,SOM,2014,4.23
Somalia,SOM,2016,2.41
Somalia,SOM,2017,1.17
South Africa,ZAF,2005,0.21
South Africa,ZAF,2006,0.26
South Africa,ZAF,2007,0.31
South Africa,ZAF,2010,0.38
South Africa,ZAF,2011,0.51
South Africa,ZAF,2012,0.36
South Africa,ZAF,2016,0.84
South Africa,ZAF,2019,1.18
South Africa,ZAF,2020,1
South Korea,KOR,2000,0.01
South Korea,KOR,2004,0.03
South Korea,KOR,2005,0.03
South Korea,KOR,2006,0.03
South Korea,KOR,2009,0.03
South Korea,KOR,2010,0.04
South Korea,KOR,2011,0.02
South Korea,KOR,2012,0.03
South Korea,KOR,2013,0.02
South Korea,KOR,2014,0.03
South Korea,KOR,2015,0.02
South Korea,KOR,2016,0.02
South Korea,KOR,2017,0.01
South Korea,KOR,2018,0.01
South Korea,KOR,2019,0.02
South Korea,KOR,2020,0.02
South Sudan,SSD,2002,21.63
South Sudan,SSD,2005,12.86
South Sudan,SSD,2007,8.24
South Sudan,SSD,2008,6.38
Spain,ESP,2000,0.16
Spain,ESP,2001,0.18
Spain,ESP,2002,0.19
Spain,ESP,2004,0.22
Spain,ESP,2005,0.24
Spain,ESP,2007,0.24
Spain,ESP,2011,0.23
Spain,ESP,2012,0.23
Spain,ESP,2013,0.22
Spain,ESP,2014,0.21
Spain,ESP,2016,0.16
Spain,ESP,2017,0.16
Spain,ESP,2018,0.11
Spain,ESP,2019,0.11
Spain,ESP,2020,0.09
Sri Lanka,LKA,2000,0.15
Sri Lanka,LKA,2001,0.14
Sri Lanka,LKA,2005,0.12
Sri Lanka,LKA,2006,0.13
Sri Lanka,LKA,2007,0.13
Sri Lanka,LKA,2008,0.09
Sri Lanka,LKA,2009,0.16
Sri Lanka,LKA,2010,0.08
Sri Lanka,LKA,2012,0.14
Sri Lanka,LKA,2013,0.11
Sri Lanka,LKA,2014,0.07
Sri Lanka,LKA,2015,0.04
Sub-Saharan Africa (UN),,2000,9
Sub-Saharan Africa (UN),,2001,9.17
Sub-Saharan Africa (UN),,2002,8.97
Sub-Saharan Africa (UN),,2003,8.73
Sub-Saharan Africa (UN),,2004,8.5
Sub-Saharan Africa (UN),,2005,8.36
Sub-Saharan Africa (UN),,2006,7.93
Sub-Saharan Africa (UN),,2007,7.56
Sub-Saharan Africa (UN),,2008,7.29
Sub-Saharan Africa (UN),,2009,6.89
Sub-Saharan Africa (UN),,2010,6.66
Sub-Saharan Africa (UN),,2011,6.55
Sub-Saharan Africa (UN),,2012,6.29
Sub-Saharan Africa (UN),,2013,6.03
Sub-Saharan Africa (UN),,2014,5.8
Sub-Saharan Africa (UN),,2015,5.54
Sub-Saharan Africa (UN),,2016,5.29
Sub-Saharan Africa (UN),,2017,5.13
Sub-Saharan Africa (UN),,2018,5.03
Sub-Saharan Africa (UN),,2019,4.9
Sub-Saharan Africa (UN),,2020,4.78
Sub-Saharan Africa (UN),,2021,4.73
Sub-Saharan Africa (UN),,2022,4.55
Sub-Saharan Africa (UN),,2023,4.43
Sudan,SDN,2003,7.12
Sudan,SDN,2006,5.19
Sudan,SDN,2008,3.48
Sudan,SDN,2009,2.22
Sudan,SDN,2010,5.89
Sudan,SDN,2012,2.87
Sudan,SDN,2013,2.27
Suriname,SUR,2000,2.2
Suriname,SUR,2001,2.92
Suriname,SUR,2002,2.71
Suriname,SUR,2004,2.6
Suriname,SUR,2005,2.83
Suriname,SUR,2006,2.66
Suriname,SUR,2007,2.64
Suriname,SUR,2013,1.71
Suriname,SUR,2015,1.51
Suriname,SUR,2016,1.54
Suriname,SUR,2017,1.65
Suriname,SUR,2018,1.99
Suriname,SUR,2019,1.85
Suriname,SUR,2020,1.97
Sweden,SWE,2000,0.06
Sweden,SWE,2001,0.05
Sweden,SWE,2007,0.03
Sweden,SWE,2008,0.04
Sweden,SWE,2011,0.04
Sweden,SWE,2012,0.04
Sweden,SWE,2014,0.03
Sweden,SWE,2017,0.02
Sweden,SWE,2019,0.02
Sweden,SWE,2020,0.03
Sweden,SWE,2021,0.01
Switzerland,CHE,2000,0.03
Switzerland,CHE,2001,0.02
Switzerland,CHE,2004,0.02
Switzerland,CHE,2007,0.02
Switzerland,CHE,2009,0.03
Switzerland,CHE,2010,0.02
Switzerland,CHE,2011,0.02
Switzerland,CHE,2013,0.03
Switzerland,CHE,2015,0.03
Switzerland,CHE,2018,0.02
Switzerland,CHE,2019,0.02
Switzerland,CHE,2020,0.01
Switzerland,CHE,2021,0.01
Tajikistan,TJK,2005,0.25
Tajikistan,TJK,2010,0.12
Tajikistan,TJK,2013,0
Tajikistan,TJK,2015,0
Tajikistan,TJK,2016,0
Tajikistan,TJK,2017,0
Tajikistan,TJK,2019,0
Tanzania,TZA,2002,5.42
Tanzania,TZA,2005,2.37
Tanzania,TZA,2006,1.35
Tanzania,TZA,2007,2.05
Tanzania,TZA,2008,2.27
Tanzania,TZA,2009,1.22
Tanzania,TZA,2010,0.79
Tanzania,TZA,2013,0.85
Tanzania,TZA,2014,0.59
Tanzania,TZA,2015,2.44
Tanzania,TZA,2016,1.47
Thailand,THA,2000,0.54
Thailand,THA,2001,0.66
Thailand,THA,2005,0
Thailand,THA,2006,0
Thailand,THA,2007,0
Thailand,THA,2008,0
Thailand,THA,2009,0
Thailand,THA,2010,0
Thailand,THA,2011,0
Thailand,THA,2012,0
Thailand,THA,2013,0
Thailand,THA,2014,0
Thailand,THA,2015,0
Thailand,THA,2016,0
Thailand,THA,2017,0
Togo,TGO,2006,4.63
Togo,TGO,2009,3.36
Togo,TGO,2011,2.7
Togo,TGO,2012,2.09
Togo,TGO,2013,3.14
Togo,TGO,2015,1.3
Togo,TGO,2016,1.47
Tonga,TON,2000,0.35
Tonga,TON,2002,0
Tonga,TON,2003,0
Tonga,TON,2012,0
Tonga,TON,2015,0
Tonga,TON,2017,0.01
Tonga,TON,2018,0
Trinidad and Tobago,TTO,2000,0
Trinidad and Tobago,TTO,2001,0
Trinidad and Tobago,TTO,2002,0
Trinidad and Tobago,TTO,2004,0.58
Trinidad and Tobago,TTO,2005,0.47
Trinidad and Tobago,TTO,2006,0.53
Trinidad and Tobago,TTO,2009,0.51
Tunisia,TUN,2001,0
Tunisia,TUN,2002,0
Tunisia,TUN,2003,0
Tunisia,TUN,2004,0
Tunisia,TUN,2005,0
Tunisia,TUN,2006,0
Tunisia,TUN,2007,0
Tunisia,TUN,2008,0
Tunisia,TUN,2009,0
Tunisia,TUN,2010,0
Tunisia,TUN,2011,0
Tunisia,TUN,2012,0
Tunisia,TUN,2014,0
Tunisia,TUN,2015,0
Tunisia,TUN,2016,0
Tunisia,TUN,2017,0
Tunisia,TUN,2018,0
Tunisia,TUN,2019,0
Tunisia,TUN,2021,0
Turkey,TUR,2004,0.27
Turkey,TUR,2010,0.11
Turkey,TUR,2011,0.12
Turkey,TUR,2012,0.12
Turkey,TUR,2013,0.1
Turkey,TUR,2014,0.1
Turkey,TUR,2015,0.08
Turkey,TUR,2016,0.08
Turkey,TUR,2017,0.08
Turkey,TUR,2018,0.06
Turkey,TUR,2019,0.05
Turkey,TUR,2020,0.04
Turkmenistan,TKM,2008,0
Turkmenistan,TKM,2011,0
Turkmenistan,TKM,2012,0
Turkmenistan,TKM,2014,0
Turkmenistan,TKM,2015,0
Turkmenistan,TKM,2017,0
Turkmenistan,TKM,2018,0
Turks and Caicos Islands,TCA,2002,0
Turks and Caicos Islands,TCA,2003,0
Turks and Caicos Islands,TCA,2004,0.4
Turks and Caicos Islands,TCA,2005,0.7
Turks and Caicos Islands,TCA,2012,0.84
Turks and Caicos Islands,TCA,2016,0.26
Turks and Caicos Islands,TCA,2017,0.52
Turks and Caicos Islands,TCA,2018,0.51
Turks and Caicos Islands,TCA,2019,0.25
Tuvalu,TUV,2000,0
Tuvalu,TUV,2001,0
Tuvalu,TUV,2002,0
Tuvalu,TUV,2003,0.4
Tuvalu,TUV,2005,0.39
Tuvalu,TUV,2012,0.39
Tuvalu,TUV,2013,0.39
Tuvalu,TUV,2014,0.4
Tuvalu,TUV,2015,0
Tuvalu,TUV,2016,0
Uganda,UGA,2002,5.24
Uganda,UGA,2004,2.35
Uganda,UGA,2005,1.76
Uganda,UGA,2007,1.22
Uganda,UGA,2008,0.84
Uganda,UGA,2010,1.16
Uganda,UGA,2014,2.38
Uganda,UGA,2015,2
Uganda,UGA,2016,2.33
Uganda,UGA,2017,1.09
Ukraine,UKR,2000,0.08
Ukraine,UKR,2001,0.09
Ukraine,UKR,2002,0.1
Ukraine,UKR,2003,0.1
Ukraine,UKR,2004,0.11
Ukraine,UKR,2008,0.15
Ukraine,UKR,2016,0.19
Ukraine,UKR,2017,0.16
Ukraine,UKR,2019,0.09
Ukraine,UKR,2020,0.08
United Arab Emirates,ARE,2000,0
United Arab Emirates,ARE,2001,0
United Arab Emirates,ARE,2002,0
United Arab Emirates,ARE,2003,0
United Arab Emirates,ARE,2016,0
United Arab Emirates,ARE,2017,0
United Arab Emirates,ARE,2018,0
United Arab Emirates,ARE,2019,0
United Arab Emirates,ARE,2020,0
United Kingdom,GBR,2000,0.29
United Kingdom,GBR,2001,0.28
United Kingdom,GBR,2002,0.26
United Kingdom,GBR,2006,0.23
United Kingdom,GBR,2007,0.21
United Kingdom,GBR,2008,0.21
United Kingdom,GBR,2009,0.18
United Kingdom,GBR,2011,0.16
United Kingdom,GBR,2014,0.13
United Kingdom,GBR,2015,0.11
United Kingdom,GBR,2016,0.1
United Kingdom,GBR,2018,0.06
United Kingdom,GBR,2019,0.08
United Kingdom,GBR,2020,0.06
United States,USA,2001,1.29
United States,USA,2005,1.07
United States,USA,2006,1.03
United States,USA,2009,0.83
United States,USA,2010,0.74
United States,USA,2011,0.66
United States,USA,2012,0.6
United States,USA,2015,0.41
United States,USA,2016,0.37
United States,USA,2017,0.32
United States,USA,2018,0.28
United States,USA,2019,0.29
United States,USA,2020,0.28
United States Virgin Islands,VIR,2000,0.61
United States Virgin Islands,VIR,2001,1.45
United States Virgin Islands,VIR,2002,0.42
United States Virgin Islands,VIR,2003,0.85
United States Virgin Islands,VIR,2004,0.65
United States Virgin Islands,VIR,2005,1.12
United States Virgin Islands,VIR,2006,0.46
United States Virgin Islands,VIR,2007,0.72
United States Virgin Islands,VIR,2009,1.06
United States Virgin Islands,VIR,2011,0.3
United States Virgin Islands,VIR,2012,1.26
Uruguay,URY,2000,1.62
Uruguay,URY,2001,1.42
Uruguay,URY,2002,1.58
Uruguay,URY,2003,1.4
Uruguay,URY,2004,1.43
Uruguay,URY,2005,1.32
Uruguay,URY,2006,1.62
Uruguay,URY,2007,1.63
Uruguay,URY,2012,1.42
Uruguay,URY,2015,1.02
Uruguay,URY,2016,1.01
Uruguay,URY,2018,0.61
Uruguay,URY,2019,0.7
Uruguay,URY,2020,0.52
Uzbekistan,UZB,2000,0
Uzbekistan,UZB,2001,0
Uzbekistan,UZB,2003,0
Uzbekistan,UZB,2006,0
Uzbekistan,UZB,2007,0
Uzbekistan,UZB,2010,0
Uzbekistan,UZB,2012,0
Uzbekistan,UZB,2013,0
Uzbekistan,UZB,2015,0
Uzbekistan,UZB,2016,0
Uzbekistan,UZB,2017,0
Uzbekistan,UZB,2018,0.01
Uzbekistan,UZB,2019,0
Uzbekistan,UZB,2020,0
Uzbekistan,UZB,2021,0.01
Venezuela,VEN,2000,4.27
Venezuela,VEN,2001,4.08
Venezuela,VEN,2005,5.61
Venezuela,VEN,2006,5.83
Venezuela,VEN,2007,5.54
Venezuela,VEN,2009,5.73
Venezuela,VEN,2010,5.74
Venezuela,VEN,2011,5.61
Venezuela,VEN,2012,5.47
Venezuela,VEN,2013,5.21
Venezuela,VEN,2015,4.79
Venezuela,VEN,2016,4.17
Venezuela,VEN,2017,3.08
Vietnam,VNM,2006,0.58
Vietnam,VNM,2009,0.57
Vietnam,VNM,2011,0.19
Vietnam,VNM,2012,0
Vietnam,VNM,2013,0.3
Vietnam,VNM,2016,0.38
Vietnam,VNM,2018,0.39
Vietnam,VNM,2019,0.16
Wallis and Futuna,WLF,2000,0
Wallis and Futuna,WLF,2001,0
Wallis and Futuna,WLF,2002,0
Wallis and Futuna,WLF,2003,0
Wallis and Futuna,WLF,2004,0
Wallis and Futuna,WLF,2005,0
Wallis and Futuna,WLF,2006,0
World,OWID_WRL,2000,3.28
World,OWID_WRL,2001,3.23
World,OWID_WRL,2002,3.06
World,OWID_WRL,2003,2.92
World,OWID_WRL,2004,2.69
World,OWID_WRL,2005,2.44
World,OWID_WRL,2006,2.34
World,OWID_WRL,2007,2.3
World,OWID_WRL,2008,2.26
World,OWID_WRL,2009,2.14
World,OWID_WRL,2010,2.1
World,OWID_WRL,2011,2.05
World,OWID_WRL,2012,2.01
World,OWID_WRL,2013,1.96
World,OWID_WRL,2014,1.86
World,OWID_WRL,2015,1.8
World,OWID_WRL,2016,1.73
World,OWID_WRL,2017,1.68
World,OWID_WRL,2018,1.65
World,OWID_WRL,2019,1.61
World,OWID_WRL,2020,1.58
World,OWID_WRL,2021,1.56
World,OWID_WRL,2022,1.54
World,OWID_WRL,2023,1.5
Yemen,YEM,2002,1.86
Yemen,YEM,2004,1.02
Yemen,YEM,2005,1.14
Yemen,YEM,2006,6.48
Yemen,YEM,2009,2.53
Yemen,YEM,2011,1.18
Yemen,YEM,2012,0.99
Zambia,ZMB,2003,3.62
Zambia,ZMB,2009,3.25
Zambia,ZMB,2011,6.39
Zambia,ZMB,2012,2.09
Zambia,ZMB,2014,3.67
Zambia,ZMB,2016,3.07
Zambia,ZMB,2017,2.9
Zimbabwe,ZWE,2001,2.58
Zimbabwe,ZWE,2003,1.69
Zimbabwe,ZWE,2004,1.35
Zimbabwe,ZWE,2007,1.03
Zimbabwe,ZWE,2009,1.61
Zimbabwe,ZWE,2013,1
Zimbabwe,ZWE,2014,1.12
Zimbabwe,ZWE,2016,1.17
Zimbabwe,ZWE,2017,1.15
