Location,Code,Year,Birth_rate_15_to_19_years_old
Afghanistan,AFG,2000,182.45
Afghanistan,AFG,2001,167.22
Afghanistan,AFG,2003,152.83
Afghanistan,AFG,2004,135.82
Afghanistan,AFG,2006,118.88
Afghanistan,AFG,2008,90.29
Afghanistan,AFG,2009,81.12
Afghanistan,AFG,2013,86.84
Afghanistan,AFG,2014,77.27
Afghanistan,AFG,2017,62.06
Algeria,DZA,2007,9
Algeria,DZA,2009,9.6
Algeria,DZA,2010,9.53
Algeria,DZA,2011,10.83
Algeria,DZA,2012,11.8
Algeria,DZA,2013,12.4
Algeria,DZA,2016,13.48
Algeria,DZA,2017,12.01
American Samoa,ASM,2000,55.04
American Samoa,ASM,2001,52.18
American Samoa,ASM,2002,47.84
American Samoa,ASM,2003,47.96
American Samoa,ASM,2004,44.3
American Samoa,ASM,2005,43.24
American Samoa,ASM,2008,40.44
American Samoa,ASM,2009,42.08
American Samoa,ASM,2010,42.12
American Samoa,ASM,2011,42.63
American Samoa,ASM,2017,40.6
American Samoa,ASM,2018,38.72
American Samoa,ASM,2019,36.07
Andorra,AND,2000,9.13
Andorra,AND,2001,8.95
Andorra,AND,2003,7.18
Andorra,AND,2007,7.04
Andorra,AND,2011,5.32
Andorra,AND,2013,4.75
Andorra,AND,2014,3.42
Andorra,AND,2015,3.28
Andorra,AND,2016,2.64
Andorra,AND,2017,3.57
Andorra,AND,2018,2.51
Andorra,AND,2019,2.53
Andorra,AND,2020,0.51
Angola,AGO,2001,122.4
Angola,AGO,2003,150.9
Angola,AGO,2004,157.77
Angola,AGO,2005,165.65
Angola,AGO,2006,171.91
Angola,AGO,2008,187.88
Angola,AGO,2009,190.87
Angola,AGO,2013,166.11
Angola,AGO,2014,162.66
Anguilla,AIA,2000,60.52
Anguilla,AIA,2001,56.58
Anguilla,AIA,2002,53.21
Anguilla,AIA,2004,45.16
Anguilla,AIA,2005,43.52
Anguilla,AIA,2006,37.36
Anguilla,AIA,2015,37.17
Antigua and Barbuda,ATG,2000,58.09
Antigua and Barbuda,ATG,2001,66.8
Antigua and Barbuda,ATG,2007,47.62
Antigua and Barbuda,ATG,2009,49.66
Antigua and Barbuda,ATG,2010,41.38
Antigua and Barbuda,ATG,2011,41.45
Antigua and Barbuda,ATG,2012,37.69
Antigua and Barbuda,ATG,2013,34.56
Antigua and Barbuda,ATG,2016,32.97
Antigua and Barbuda,ATG,2017,30.82
Antigua and Barbuda,ATG,2018,29.63
Antigua and Barbuda,ATG,2019,33.58
Antigua and Barbuda,ATG,2020,32.51
Argentina,ARG,2001,60.85
Argentina,ARG,2002,61.51
Argentina,ARG,2004,64.22
Argentina,ARG,2005,64.18
Argentina,ARG,2008,66.76
Argentina,ARG,2009,66.99
Argentina,ARG,2010,67.37
Argentina,ARG,2011,67.59
Argentina,ARG,2012,65.25
Argentina,ARG,2013,66.83
Argentina,ARG,2016,57.34
Argentina,ARG,2019,41.84
Armenia,ARM,2002,28.16
Armenia,ARM,2003,29.31
Armenia,ARM,2004,29.57
Armenia,ARM,2009,27.57
Armenia,ARM,2010,27.12
Armenia,ARM,2012,26
Armenia,ARM,2013,24.88
Armenia,ARM,2017,21.06
Armenia,ARM,2018,18.91
Armenia,ARM,2019,16.71
Armenia,ARM,2020,13.92
Aruba,ABW,2001,41.68
Aruba,ABW,2005,44.28
Aruba,ABW,2007,46.54
Aruba,ABW,2008,43.81
Aruba,ABW,2009,43.73
Aruba,ABW,2010,42.74
Aruba,ABW,2011,40.23
Aruba,ABW,2012,40.82
Aruba,ABW,2013,39.38
Aruba,ABW,2014,39.48
Aruba,ABW,2016,30.95
Aruba,ABW,2017,30.5
Aruba,ABW,2019,23.9
Aruba,ABW,2020,23.12
Aruba,ABW,2021,12.86
Australia,AUS,2000,17.71
Australia,AUS,2001,17.78
Australia,AUS,2002,17.28
Australia,AUS,2010,15.83
Australia,AUS,2011,15.88
Australia,AUS,2013,14.46
Australia,AUS,2017,10.16
Australia,AUS,2018,9.43
Australia,AUS,2019,8.68
Australia,AUS,2020,7.76
Austria,AUT,2001,13.73
Austria,AUT,2002,13.83
Austria,AUT,2003,13.16
Austria,AUT,2006,11.96
Austria,AUT,2007,11.2
Austria,AUT,2009,10.38
Austria,AUT,2011,9.1
Austria,AUT,2012,8.61
Austria,AUT,2013,8.1
Austria,AUT,2019,5.21
Austria,AUT,2020,5.02
Azerbaijan,AZE,2001,25.59
Azerbaijan,AZE,2002,25.54
Azerbaijan,AZE,2006,37.34
Azerbaijan,AZE,2007,39.38
Azerbaijan,AZE,2010,48.57
Azerbaijan,AZE,2012,51.38
Azerbaijan,AZE,2013,50.98
Azerbaijan,AZE,2016,52.79
Azerbaijan,AZE,2019,47.3
Azerbaijan,AZE,2020,41.56
Bahamas,BHS,2000,45.94
Bahamas,BHS,2001,46.78
Bahamas,BHS,2002,43.18
Bahamas,BHS,2003,42.61
Bahamas,BHS,2005,41.52
Bahamas,BHS,2007,39.32
Bahamas,BHS,2010,33.7
Bahamas,BHS,2011,29.23
Bahamas,BHS,2012,29.11
Bahamas,BHS,2013,26.35
Bahrain,BHR,2000,12.33
Bahrain,BHR,2002,12.32
Bahrain,BHR,2005,14.36
Bahrain,BHR,2009,14.55
Bahrain,BHR,2010,13.8
Bahrain,BHR,2011,14.54
Bahrain,BHR,2012,15.09
Bahrain,BHR,2014,14.75
Bahrain,BHR,2015,14.46
Bahrain,BHR,2016,13.7
Bahrain,BHR,2017,13.42
Bahrain,BHR,2018,12.39
Bahrain,BHR,2019,8.59
Bangladesh,BGD,2009,127.92
Bangladesh,BGD,2010,137.5
Bangladesh,BGD,2012,117.1
Bangladesh,BGD,2013,119.91
Bangladesh,BGD,2014,103.08
Bangladesh,BGD,2015,111.83
Bangladesh,BGD,2017,82.73
Bangladesh,BGD,2019,74
Bangladesh,BGD,2020,73.99
Barbados,BRB,2000,62.2
Barbados,BRB,2001,63.76
Barbados,BRB,2002,54.86
Barbados,BRB,2003,52.55
Barbados,BRB,2005,46.01
Barbados,BRB,2006,45.19
Barbados,BRB,2007,47.63
Belarus,BLR,2000,27.27
Belarus,BLR,2001,26.25
Belarus,BLR,2002,24
Belarus,BLR,2003,23.76
Belarus,BLR,2006,22.5
Belarus,BLR,2007,22.05
Belarus,BLR,2008,22.32
Belarus,BLR,2009,22.43
Belarus,BLR,2011,20.87
Belarus,BLR,2015,18.03
Belarus,BLR,2016,15.97
Belarus,BLR,2017,13.38
Belarus,BLR,2018,11.64
Belgium,BEL,2000,11.5
Belgium,BEL,2005,10.55
Belgium,BEL,2006,10.39
Belgium,BEL,2007,10.45
Belgium,BEL,2008,10.26
Belgium,BEL,2010,9.37
Belgium,BEL,2011,9.12
Belgium,BEL,2012,8.52
Belgium,BEL,2017,5.85
Belgium,BEL,2018,5.52
Belgium,BEL,2019,5.07
Belgium,BEL,2020,4.91
Belize,BLZ,2001,99.66
Belize,BLZ,2002,93.54
Belize,BLZ,2003,88.22
Belize,BLZ,2004,95.05
Belize,BLZ,2006,80.43
Belize,BLZ,2014,70.55
Belize,BLZ,2015,74.35
Belize,BLZ,2016,69.83
Belize,BLZ,2017,70.45
Belize,BLZ,2019,68.03
Belize,BLZ,2020,56.5
Belize,BLZ,2021,51.24
Benin,BEN,2002,118.89
Benin,BEN,2006,114.99
Benin,BEN,2009,97.51
Benin,BEN,2011,97.77
Benin,BEN,2012,94.26
Benin,BEN,2013,106.43
Benin,BEN,2015,108.15
Benin,BEN,2016,108.43
Bermuda,BMU,2001,38.57
Bermuda,BMU,2002,31.23
Bermuda,BMU,2006,21.23
Bermuda,BMU,2008,18.67
Bermuda,BMU,2009,18.93
Bermuda,BMU,2012,6.82
Bermuda,BMU,2014,6.99
Bermuda,BMU,2015,6.29
Bermuda,BMU,2016,7.49
Bermuda,BMU,2017,3.09
Bermuda,BMU,2018,4.29
Bermuda,BMU,2019,3.07
Bermuda,BMU,2020,3.73
Bermuda,BMU,2021,0.62
Bhutan,BTN,2003,91.2
Bhutan,BTN,2004,81.59
Bhutan,BTN,2006,48.99
Bhutan,BTN,2008,42.49
Bhutan,BTN,2009,35.9
Bhutan,BTN,2011,19.61
Bhutan,BTN,2012,28.4
Bhutan,BTN,2016,14.2
Bhutan,BTN,2019,7.81
Bhutan,BTN,2020,8.08
Bolivia,BOL,2001,65
Bolivia,BOL,2002,84.02
Bolivia,BOL,2003,94.36
Bolivia,BOL,2005,88.73
Bolivia,BOL,2006,87.58
Bolivia,BOL,2012,56.23
Bolivia,BOL,2015,71.03
Bosnia and Herzegovina,BIH,2000,14.37
Bosnia and Herzegovina,BIH,2001,15.02
Bosnia and Herzegovina,BIH,2002,13.72
Bosnia and Herzegovina,BIH,2005,13.65
Bosnia and Herzegovina,BIH,2006,14.12
Bosnia and Herzegovina,BIH,2007,14.47
Bosnia and Herzegovina,BIH,2012,13.41
Bosnia and Herzegovina,BIH,2018,9.88
Bosnia and Herzegovina,BIH,2019,9.74
Botswana,BWA,2001,53.31
Botswana,BWA,2006,48.99
Botswana,BWA,2011,36.3
Botswana,BWA,2012,37.12
Botswana,BWA,2013,40.12
Botswana,BWA,2014,35.47
Botswana,BWA,2016,45.13
Botswana,BWA,2018,48.52
Botswana,BWA,2019,50.22
Brazil,BRA,2000,81.63
Brazil,BRA,2001,78.49
Brazil,BRA,2002,74.78
Brazil,BRA,2004,71.98
Brazil,BRA,2005,72.45
Brazil,BRA,2006,69.61
Brazil,BRA,2007,67.61
Brazil,BRA,2008,66.8
Brazil,BRA,2011,63.07
Brazil,BRA,2012,62.87
Brazil,BRA,2013,62.79
Brazil,BRA,2016,56.99
Brazil,BRA,2017,55.35
Brazil,BRA,2018,53.28
Brazil,BRA,2019,49.78
Brazil,BRA,2021,43.1
British Virgin Islands,VGB,2000,45.6
British Virgin Islands,VGB,2001,33.93
British Virgin Islands,VGB,2002,35.73
British Virgin Islands,VGB,2003,32.82
British Virgin Islands,VGB,2005,28.84
British Virgin Islands,VGB,2006,24.96
British Virgin Islands,VGB,2007,27.42
British Virgin Islands,VGB,2014,13.6
British Virgin Islands,VGB,2015,21
Brunei,BRN,2000,25.99
Brunei,BRN,2001,23.4
Brunei,BRN,2002,21.38
Brunei,BRN,2007,16.97
Brunei,BRN,2008,15.68
Brunei,BRN,2011,14.2
Brunei,BRN,2013,13.04
Brunei,BRN,2014,11.56
Brunei,BRN,2015,11.57
Brunei,BRN,2017,9.76
Brunei,BRN,2018,9.79
Brunei,BRN,2020,7.92
Bulgaria,BGR,2001,43.1
Bulgaria,BGR,2002,40.38
Bulgaria,BGR,2007,41.24
Bulgaria,BGR,2008,43.35
Bulgaria,BGR,2010,42.02
Bulgaria,BGR,2011,41.66
Bulgaria,BGR,2012,42.52
Bulgaria,BGR,2013,42.02
Bulgaria,BGR,2014,41.3
Bulgaria,BGR,2015,39.36
Bulgaria,BGR,2017,38.16
Bulgaria,BGR,2018,38.91
Bulgaria,BGR,2019,39.29
Bulgaria,BGR,2020,37.85
Burkina Faso,BFA,2000,187
Burkina Faso,BFA,2001,127.49
Burkina Faso,BFA,2002,119.23
Burkina Faso,BFA,2006,139.11
Burkina Faso,BFA,2008,136.13
Burkina Faso,BFA,2009,130.09
Burkina Faso,BFA,2014,149
Burkina Faso,BFA,2015,114.76
Burkina Faso,BFA,2018,127.26
Burundi,BDI,2001,85.7
Burundi,BDI,2003,93.09
Burundi,BDI,2005,73.51
Burundi,BDI,2006,72.28
Burundi,BDI,2008,65.48
Burundi,BDI,2009,65.22
Burundi,BDI,2012,74.77
Burundi,BDI,2014,63.78
Burundi,BDI,2015,58.23
Cambodia,KHM,2003,52.32
Cambodia,KHM,2004,47.34
Cambodia,KHM,2006,50.48
Cambodia,KHM,2007,50.43
Cambodia,KHM,2008,47.99
Cambodia,KHM,2010,53.77
Cambodia,KHM,2012,55.95
Cambodia,KHM,2013,57.4
Cameroon,CMR,2003,143.2
Cameroon,CMR,2007,134.53
Cameroon,CMR,2009,126.74
Cameroon,CMR,2010,123.73
Cameroon,CMR,2012,118.77
Cameroon,CMR,2013,118.61
Cameroon,CMR,2014,132.16
Cameroon,CMR,2016,123.86
Cameroon,CMR,2017,122.23
Canada,CAN,2001,16.02
Canada,CAN,2002,14.92
Canada,CAN,2007,13.92
Canada,CAN,2008,14.15
Canada,CAN,2010,13.26
Canada,CAN,2011,12.37
Canada,CAN,2012,12.05
Canada,CAN,2013,11.17
Canada,CAN,2014,10.33
Canada,CAN,2015,9.42
Canada,CAN,2017,7.75
Canada,CAN,2018,6.71
Canada,CAN,2019,6.21
Canada,CAN,2020,5.58
Cape Verde,CPV,2003,92.01
Cape Verde,CPV,2004,90
Cape Verde,CPV,2006,84.37
Cape Verde,CPV,2007,84.23
Cape Verde,CPV,2011,70.94
Cape Verde,CPV,2012,64.84
Cape Verde,CPV,2014,58.86
Cape Verde,CPV,2015,56.64
Cape Verde,CPV,2018,51.91
Cape Verde,CPV,2020,39.96
Cayman Islands,CYM,2009,41.18
Cayman Islands,CYM,2010,33.59
Cayman Islands,CYM,2011,31.71
Cayman Islands,CYM,2012,26.85
Cayman Islands,CYM,2013,23.7
Cayman Islands,CYM,2014,19.66
Cayman Islands,CYM,2018,15.72
Cayman Islands,CYM,2019,6.5
Central African Republic,CAF,2010,228.94
Central African Republic,CAF,2012,189.1
Central African Republic,CAF,2015,179.72
Central African Republic,CAF,2017,182.44
Central African Republic,CAF,2018,184.35
Central and Southern Asia (UN),,2000,96.23
Central and Southern Asia (UN),,2001,94.32
Central and Southern Asia (UN),,2002,89.21
Central and Southern Asia (UN),,2003,84.32
Central and Southern Asia (UN),,2004,74.59
Central and Southern Asia (UN),,2005,61.24
Central and Southern Asia (UN),,2006,55.58
Central and Southern Asia (UN),,2007,54
Central and Southern Asia (UN),,2008,55.21
Central and Southern Asia (UN),,2009,50.31
Central and Southern Asia (UN),,2010,48.78
Central and Southern Asia (UN),,2011,46.11
Central and Southern Asia (UN),,2012,44.64
Central and Southern Asia (UN),,2013,44.11
Central and Southern Asia (UN),,2014,43.46
Central and Southern Asia (UN),,2015,34.47
Central and Southern Asia (UN),,2016,32.51
Central and Southern Asia (UN),,2017,32.07
Central and Southern Asia (UN),,2018,31.09
Central and Southern Asia (UN),,2019,29.69
Central and Southern Asia (UN),,2020,29.07
Central and Southern Asia (UN),,2021,28.79
Central and Southern Asia (UN),,2022,27.77
Central and Southern Asia (UN),,2023,26.83
Chad,TCD,2010,221.86
Chad,TCD,2012,216.11
Chad,TCD,2013,179.35
Chad,TCD,2015,196.94
Chad,TCD,2017,156.86
Chad,TCD,2018,138.66
Chile,CHL,2002,58.6
Chile,CHL,2007,54.96
Chile,CHL,2008,56.6
Chile,CHL,2009,56.35
Chile,CHL,2010,54.54
Chile,CHL,2011,52.46
Chile,CHL,2012,50.69
Chile,CHL,2013,47.39
Chile,CHL,2014,45.19
Chile,CHL,2015,39.87
Chile,CHL,2016,32.7
Chile,CHL,2017,27.12
Chile,CHL,2018,22.95
Chile,CHL,2019,18.9
China,CHN,2000,5
China,CHN,2001,6
China,CHN,2002,5.99
China,CHN,2003,6.03
China,CHN,2004,5
China,CHN,2006,4.59
China,CHN,2007,3.83
China,CHN,2008,5.26
China,CHN,2009,6.16
China,CHN,2011,6.16
China,CHN,2012,6.72
China,CHN,2013,7.84
China,CHN,2016,8.33
China,CHN,2017,8.49
China,CHN,2019,6.21
China,CHN,2020,6.07
Colombia,COL,2001,80.08
Colombia,COL,2004,77.29
Colombia,COL,2005,76.26
Colombia,COL,2006,76.52
Colombia,COL,2007,77.07
Colombia,COL,2009,73.62
Colombia,COL,2011,71.17
Colombia,COL,2013,70.76
Colombia,COL,2014,69.07
Colombia,COL,2015,65.65
Colombia,COL,2016,63.24
Colombia,COL,2017,62.48
Colombia,COL,2018,59.74
Colombia,COL,2019,57.46
Colombia,COL,2020,54.34
Colombia,COL,2021,52.78
Comoros,COM,2005,89.15
Comoros,COM,2008,74.7
Comoros,COM,2010,71.05
Comoros,COM,2011,70.26
Comoros,COM,2017,37.97
Congo,COG,2003,131.49
Congo,COG,2004,128.77
Congo,COG,2007,143.65
Congo,COG,2009,146.61
Congo,COG,2010,147.29
Congo,COG,2012,114.86
Congo,COG,2013,75.06
Congo,COG,2014,71.96
Cook Islands,COK,2001,47.01
Cook Islands,COK,2006,42.93
Cook Islands,COK,2010,51.07
Cook Islands,COK,2011,41.29
Cook Islands,COK,2012,38.62
Cook Islands,COK,2013,37.56
Cook Islands,COK,2014,37.09
Cook Islands,COK,2015,37.29
Cook Islands,COK,2016,33.93
Cook Islands,COK,2017,32.51
Costa Rica,CRI,2001,76.64
Costa Rica,CRI,2003,71.38
Costa Rica,CRI,2004,70.46
Costa Rica,CRI,2007,68.22
Costa Rica,CRI,2009,69.38
Costa Rica,CRI,2011,65.64
Costa Rica,CRI,2013,62.97
Costa Rica,CRI,2014,61.19
Costa Rica,CRI,2015,57.54
Costa Rica,CRI,2016,54.77
Costa Rica,CRI,2017,51.54
Costa Rica,CRI,2019,41.86
Costa Rica,CRI,2020,32.58
Costa Rica,CRI,2021,26.86
Cote d'Ivoire,CIV,2000,135.94
Cote d'Ivoire,CIV,2002,134.29
Cote d'Ivoire,CIV,2005,131.45
Cote d'Ivoire,CIV,2007,120.29
Cote d'Ivoire,CIV,2008,128.11
Cote d'Ivoire,CIV,2009,117.66
Cote d'Ivoire,CIV,2010,128.97
Cote d'Ivoire,CIV,2012,112.22
Cote d'Ivoire,CIV,2014,116.87
Cote d'Ivoire,CIV,2015,123.28
Cote d'Ivoire,CIV,2017,118.82
Croatia,HRV,2005,14.8
Croatia,HRV,2006,14.41
Croatia,HRV,2007,14.28
Croatia,HRV,2010,12.42
Croatia,HRV,2011,11.9
Croatia,HRV,2012,11.37
Croatia,HRV,2016,9.61
Croatia,HRV,2017,9.26
Croatia,HRV,2018,8.6
Croatia,HRV,2020,7.58
Cuba,CUB,2000,50.58
Cuba,CUB,2001,48.89
Cuba,CUB,2002,48.35
Cuba,CUB,2003,46.85
Cuba,CUB,2004,46.01
Cuba,CUB,2008,48.5
Cuba,CUB,2009,50.83
Cuba,CUB,2012,51.43
Cuba,CUB,2013,51.64
Cuba,CUB,2014,49.33
Cuba,CUB,2015,50.41
Cuba,CUB,2017,49.95
Cuba,CUB,2019,50.34
Cuba,CUB,2020,49.7
Cuba,CUB,2021,47.58
Curacao,CUW,2001,46.7
Curacao,CUW,2009,33.63
Curacao,CUW,2011,32.67
Curacao,CUW,2013,30.85
Curacao,CUW,2014,28.22
Curacao,CUW,2015,27.33
Curacao,CUW,2017,20.74
Curacao,CUW,2018,18.22
Curacao,CUW,2019,17.62
Cyprus,CYP,2000,9.96
Cyprus,CYP,2001,7.83
Cyprus,CYP,2002,7.42
Cyprus,CYP,2005,6.47
Cyprus,CYP,2006,6.19
Cyprus,CYP,2008,6.26
Cyprus,CYP,2009,5.45
Cyprus,CYP,2011,5.58
Cyprus,CYP,2016,5.92
Cyprus,CYP,2017,6.53
Cyprus,CYP,2019,6.68
Cyprus,CYP,2020,7.67
Czechia,CZE,2001,11.44
Czechia,CZE,2002,11.46
Czechia,CZE,2003,11.27
Czechia,CZE,2004,11.19
Czechia,CZE,2008,11.47
Czechia,CZE,2009,11.8
Czechia,CZE,2010,11.49
Czechia,CZE,2011,11.23
Czechia,CZE,2012,11.92
Czechia,CZE,2013,11.69
Czechia,CZE,2015,11.62
Czechia,CZE,2018,10.76
Czechia,CZE,2019,9.86
Czechia,CZE,2020,9.18
Czechia,CZE,2021,8.81
Democratic Republic of Congo,COD,2000,129.45
Democratic Republic of Congo,COD,2002,126.06
Democratic Republic of Congo,COD,2006,141.5
Democratic Republic of Congo,COD,2008,132.11
Democratic Republic of Congo,COD,2009,127.52
Democratic Republic of Congo,COD,2011,135.22
Democratic Republic of Congo,COD,2013,120.03
Democratic Republic of Congo,COD,2015,111.09
Democratic Republic of Congo,COD,2016,108.98
Denmark,DNK,2006,5.88
Denmark,DNK,2007,5.66
Denmark,DNK,2009,5.45
Denmark,DNK,2010,5
Denmark,DNK,2011,4.57
Denmark,DNK,2012,4.4
Denmark,DNK,2013,4.24
Denmark,DNK,2014,3.64
Denmark,DNK,2015,3.4
Denmark,DNK,2017,2.78
Denmark,DNK,2018,2.43
Denmark,DNK,2019,2.02
Denmark,DNK,2020,1.64
Denmark,DNK,2021,1.32
Djibouti,DJI,2005,26.67
Djibouti,DJI,2008,18.18
Djibouti,DJI,2009,20.61
Djibouti,DJI,2010,20.44
Djibouti,DJI,2011,20.98
Dominica,DMA,2000,51.6
Dominica,DMA,2001,50.87
Dominica,DMA,2002,48.2
Dominica,DMA,2003,49.6
Dominica,DMA,2005,43.6
Dominica,DMA,2006,49.83
Dominican Republic,DOM,2002,87.46
Dominican Republic,DOM,2003,81.11
Dominican Republic,DOM,2008,72.89
Dominican Republic,DOM,2009,74.07
Dominican Republic,DOM,2010,77.82
Dominican Republic,DOM,2013,69.46
Dominican Republic,DOM,2014,69.11
Dominican Republic,DOM,2015,66.62
Dominican Republic,DOM,2017,60.77
Dominican Republic,DOM,2018,59.49
Dominican Republic,DOM,2021,42.36
East Timor,TLS,2001,78.31
East Timor,TLS,2002,81.21
East Timor,TLS,2005,59.26
East Timor,TLS,2007,54.43
East Timor,TLS,2008,51.42
East Timor,TLS,2009,58.7
East Timor,TLS,2010,41
East Timor,TLS,2012,47.7
East Timor,TLS,2014,44.21
East Timor,TLS,2015,41.89
Eastern and South-Eastern Asia (UN),,2000,21.91
Eastern and South-Eastern Asia (UN),,2001,22.05
Eastern and South-Eastern Asia (UN),,2002,21.67
Eastern and South-Eastern Asia (UN),,2003,21.21
Eastern and South-Eastern Asia (UN),,2004,20.7
Eastern and South-Eastern Asia (UN),,2005,21.08
Eastern and South-Eastern Asia (UN),,2006,21.4
Eastern and South-Eastern Asia (UN),,2007,22.18
Eastern and South-Eastern Asia (UN),,2008,23.15
Eastern and South-Eastern Asia (UN),,2009,24.08
Eastern and South-Eastern Asia (UN),,2010,24.66
Eastern and South-Eastern Asia (UN),,2011,24.58
Eastern and South-Eastern Asia (UN),,2012,25.13
Eastern and South-Eastern Asia (UN),,2013,24.95
Eastern and South-Eastern Asia (UN),,2014,24.7
Eastern and South-Eastern Asia (UN),,2015,23.67
Eastern and South-Eastern Asia (UN),,2016,23.03
Eastern and South-Eastern Asia (UN),,2017,22.6
Eastern and South-Eastern Asia (UN),,2018,21.57
Eastern and South-Eastern Asia (UN),,2019,21.24
Eastern and South-Eastern Asia (UN),,2020,20.56
Eastern and South-Eastern Asia (UN),,2021,20.06
Eastern and South-Eastern Asia (UN),,2022,19.92
Eastern and South-Eastern Asia (UN),,2023,19.74
Ecuador,ECU,2001,92.13
Ecuador,ECU,2002,91.56
Ecuador,ECU,2003,88.99
Ecuador,ECU,2007,90.03
Ecuador,ECU,2008,92.21
Ecuador,ECU,2010,91.2
Ecuador,ECU,2015,80.39
Ecuador,ECU,2017,72.76
Ecuador,ECU,2018,72.25
Ecuador,ECU,2019,66.7
Ecuador,ECU,2020,58.11
Egypt,EGY,2001,47.32
Egypt,EGY,2002,47.99
Egypt,EGY,2003,47.9
Egypt,EGY,2007,26.53
Egypt,EGY,2008,23.55
Egypt,EGY,2009,32.55
Egypt,EGY,2010,23.85
Egypt,EGY,2012,21.06
Egypt,EGY,2019,46.9
El Salvador,SLV,2000,96.37
El Salvador,SLV,2001,88.32
El Salvador,SLV,2002,82.37
El Salvador,SLV,2005,75.58
El Salvador,SLV,2007,70.73
El Salvador,SLV,2010,65.04
El Salvador,SLV,2011,66.3
El Salvador,SLV,2012,67.76
El Salvador,SLV,2014,64.81
El Salvador,SLV,2016,57
El Salvador,SLV,2017,53.68
El Salvador,SLV,2018,50.06
Equatorial Guinea,GNQ,2001,127.97
Equatorial Guinea,GNQ,2004,179.97
Equatorial Guinea,GNQ,2009,177.03
Equatorial Guinea,GNQ,2010,176.03
Eritrea,ERI,2002,101.15
Eritrea,ERI,2005,97.94
Eritrea,ERI,2007,83.75
Eritrea,ERI,2008,76.1
Estonia,EST,2000,26.33
Estonia,EST,2001,24.79
Estonia,EST,2004,22.61
Estonia,EST,2005,22.52
Estonia,EST,2006,22.87
Estonia,EST,2009,21.03
Estonia,EST,2013,16.39
Estonia,EST,2014,15.6
Estonia,EST,2015,12.59
Estonia,EST,2017,10.1
Estonia,EST,2018,9.58
Estonia,EST,2019,8.52
Estonia,EST,2020,7.89
Eswatini,SWZ,2002,111.36
Eswatini,SWZ,2003,109.3
Eswatini,SWZ,2004,110.55
Eswatini,SWZ,2005,110.78
Eswatini,SWZ,2006,102.91
Eswatini,SWZ,2008,93.65
Eswatini,SWZ,2009,88.64
Eswatini,SWZ,2010,84.52
Eswatini,SWZ,2012,82.55
Eswatini,SWZ,2013,87.06
Ethiopia,ETH,2006,145.97
Ethiopia,ETH,2009,94.54
Ethiopia,ETH,2011,75.57
Ethiopia,ETH,2012,63.39
Ethiopia,ETH,2015,76.59
Ethiopia,ETH,2016,78.61
Ethiopia,ETH,2017,72.43
Ethiopia,ETH,2018,73.45
Europe (UN),,2000,20.81
Europe (UN),,2001,20.4
Europe (UN),,2002,20.22
Europe (UN),,2003,20.14
Europe (UN),,2004,20.21
Europe (UN),,2005,20.07
Europe (UN),,2006,20.31
Europe (UN),,2007,20.39
Europe (UN),,2008,20.85
Europe (UN),,2009,20.33
Europe (UN),,2010,18.85
Europe (UN),,2011,17.8
Europe (UN),,2012,17.18
Europe (UN),,2013,16.14
Europe (UN),,2014,15.56
Europe (UN),,2015,14.57
Europe (UN),,2016,13.71
Europe (UN),,2017,12.41
Europe (UN),,2018,11.55
Europe (UN),,2019,11.01
Europe (UN),,2020,10.81
Europe (UN),,2021,10.9
Europe (UN),,2022,10.6
Europe (UN),,2023,10.28
Europe and Northern America (UN),,2000,27.8
Europe and Northern America (UN),,2001,26.8
Europe and Northern America (UN),,2002,26.04
Europe and Northern America (UN),,2003,25.65
Europe and Northern America (UN),,2004,25.59
Europe and Northern America (UN),,2005,25.38
Europe and Northern America (UN),,2006,25.9
Europe and Northern America (UN),,2007,26.31
Europe and Northern America (UN),,2008,26.55
Europe and Northern America (UN),,2009,25.72
Europe and Northern America (UN),,2010,23.81
Europe and Northern America (UN),,2011,22.16
Europe and Northern America (UN),,2012,21.06
Europe and Northern America (UN),,2013,19.5
Europe and Northern America (UN),,2014,18.33
Europe and Northern America (UN),,2015,16.95
Europe and Northern America (UN),,2016,15.7
Europe and Northern America (UN),,2017,14.38
Europe and Northern America (UN),,2018,13.35
Europe and Northern America (UN),,2019,12.79
Europe and Northern America (UN),,2020,12.46
Europe and Northern America (UN),,2021,12.57
Europe and Northern America (UN),,2022,12.06
Europe and Northern America (UN),,2023,11.6
Faroe Islands,FRO,2000,15.08
Faroe Islands,FRO,2001,11
Faroe Islands,FRO,2002,12.48
Faroe Islands,FRO,2003,13.9
Faroe Islands,FRO,2004,12.66
Faroe Islands,FRO,2007,13.35
Faroe Islands,FRO,2008,14.02
Faroe Islands,FRO,2009,12.46
Faroe Islands,FRO,2011,12.88
Faroe Islands,FRO,2016,10.33
Faroe Islands,FRO,2017,9.12
Faroe Islands,FRO,2018,9.18
Faroe Islands,FRO,2019,6.04
Faroe Islands,FRO,2020,5.18
Fiji,FJI,2002,34.8
Fiji,FJI,2005,35
Fiji,FJI,2006,39.8
Fiji,FJI,2011,32.5
Fiji,FJI,2013,32.74
Fiji,FJI,2016,31.06
Fiji,FJI,2018,29.39
Fiji,FJI,2019,31.05
Finland,FIN,2001,10.61
Finland,FIN,2003,10.37
Finland,FIN,2006,9.44
Finland,FIN,2007,9.1
Finland,FIN,2009,8.47
Finland,FIN,2010,8.42
Finland,FIN,2011,7.71
Finland,FIN,2012,7.49
Finland,FIN,2015,6.17
Finland,FIN,2016,5.5
Finland,FIN,2019,4.11
Finland,FIN,2020,3.87
Finland,FIN,2021,3.69
France,FRA,2000,11.07
France,FRA,2002,10.86
France,FRA,2008,10.19
France,FRA,2009,9.93
France,FRA,2010,9.82
France,FRA,2011,9.54
France,FRA,2013,8.92
France,FRA,2014,8.45
France,FRA,2018,6.24
France,FRA,2019,6.12
France,FRA,2020,5.7
French Guiana,GUF,2000,119.58
French Guiana,GUF,2001,112.35
French Guiana,GUF,2006,85.66
French Guiana,GUF,2007,85.12
French Guiana,GUF,2010,78.52
French Guiana,GUF,2011,74.16
French Guiana,GUF,2013,68.42
French Guiana,GUF,2015,66.01
French Guiana,GUF,2016,65.01
French Guiana,GUF,2019,64.1
French Guiana,GUF,2020,65.07
French Polynesia,PYF,2000,51.11
French Polynesia,PYF,2001,49.4
French Polynesia,PYF,2006,42.89
French Polynesia,PYF,2009,40.99
French Polynesia,PYF,2010,41.7
French Polynesia,PYF,2012,40.6
French Polynesia,PYF,2013,38.23
French Polynesia,PYF,2017,32.31
French Polynesia,PYF,2018,30.35
French Polynesia,PYF,2019,27.97
French Polynesia,PYF,2020,27.2
French Polynesia,PYF,2021,23.31
Gabon,GAB,2004,125.65
Gabon,GAB,2007,116.84
Gabon,GAB,2009,114.69
Gabon,GAB,2010,113.67
Gambia,GMB,2000,151.7
Gambia,GMB,2010,92.73
Gambia,GMB,2011,88.06
Gambia,GMB,2015,71.02
Gambia,GMB,2016,67.47
Gambia,GMB,2017,64.85
Gambia,GMB,2018,64.79
Georgia,GEO,2001,27.54
Georgia,GEO,2002,33.08
Georgia,GEO,2003,33.05
Georgia,GEO,2005,39.33
Georgia,GEO,2008,43.64
Georgia,GEO,2010,48.37
Georgia,GEO,2011,48.14
Georgia,GEO,2012,45.03
Georgia,GEO,2013,46.23
Georgia,GEO,2014,46.48
Georgia,GEO,2017,36.19
Georgia,GEO,2018,31.95
Georgia,GEO,2019,29.3
Georgia,GEO,2020,27.2
Germany,DEU,2000,13.62
Germany,DEU,2001,13.63
Germany,DEU,2002,12.92
Germany,DEU,2003,12.13
Germany,DEU,2004,11.44
Germany,DEU,2005,11.06
Germany,DEU,2006,10.64
Germany,DEU,2007,10.46
Germany,DEU,2009,9.55
Germany,DEU,2010,9.37
Germany,DEU,2011,8.59
Germany,DEU,2012,8.29
Germany,DEU,2014,7.99
Germany,DEU,2015,8.07
Germany,DEU,2018,7.42
Germany,DEU,2019,6.92
Germany,DEU,2020,6.51
Ghana,GHA,2002,73.67
Ghana,GHA,2003,73.26
Ghana,GHA,2009,71.21
Ghana,GHA,2012,63.19
Ghana,GHA,2014,65.04
Ghana,GHA,2016,74.86
Ghana,GHA,2017,73.84
Ghana,GHA,2018,78.01
Gibraltar,GIB,2001,24.37
Gibraltar,GIB,2002,23.9
Gibraltar,GIB,2012,20.33
Gibraltar,GIB,2013,14.19
Gibraltar,GIB,2015,9.7
Gibraltar,GIB,2016,5.3
Greece,GRC,2002,10.54
Greece,GRC,2003,10.62
Greece,GRC,2004,10.47
Greece,GRC,2006,10.58
Greece,GRC,2007,10.3
Greece,GRC,2011,9.57
Greece,GRC,2016,9.21
Greece,GRC,2017,8.69
Greece,GRC,2018,8.48
Greece,GRC,2019,8.41
Greece,GRC,2020,8.52
Greenland,GRL,2000,54.74
Greenland,GRL,2001,56.78
Greenland,GRL,2004,56.58
Greenland,GRL,2007,54.15
Greenland,GRL,2010,51.26
Greenland,GRL,2015,39.91
Greenland,GRL,2016,38.98
Greenland,GRL,2017,38.97
Greenland,GRL,2018,37.57
Greenland,GRL,2019,36.95
Grenada,GRD,2000,55.31
Grenada,GRD,2013,40.96
Grenada,GRD,2014,35.93
Guadeloupe,GLP,2000,38.09
Guadeloupe,GLP,2001,35.91
Guadeloupe,GLP,2002,29.47
Guadeloupe,GLP,2003,30.84
Guadeloupe,GLP,2010,18.01
Guadeloupe,GLP,2011,19.56
Guadeloupe,GLP,2012,18.11
Guadeloupe,GLP,2013,17.54
Guadeloupe,GLP,2014,15.3
Guadeloupe,GLP,2015,15.74
Guadeloupe,GLP,2016,14.43
Guadeloupe,GLP,2017,11.15
Guadeloupe,GLP,2019,10.58
Guadeloupe,GLP,2020,14.3
Guam,GUM,2001,66.18
Guam,GUM,2003,65.59
Guam,GUM,2004,65.58
Guam,GUM,2005,62.9
Guam,GUM,2006,63.3
Guam,GUM,2008,59.86
Guam,GUM,2010,57.31
Guam,GUM,2012,51.37
Guam,GUM,2013,50.12
Guam,GUM,2014,48.4
Guam,GUM,2017,39.63
Guam,GUM,2018,34.37
Guatemala,GTM,2003,99.8
Guatemala,GTM,2004,94.55
Guatemala,GTM,2006,86.44
Guatemala,GTM,2007,96.44
Guatemala,GTM,2010,84.25
Guatemala,GTM,2011,88.86
Guatemala,GTM,2012,94.73
Guatemala,GTM,2013,82.48
Guatemala,GTM,2014,84.31
Guatemala,GTM,2015,81.05
Guatemala,GTM,2016,79
Guatemala,GTM,2017,78.66
Guatemala,GTM,2018,78.43
Guatemala,GTM,2019,73.12
Guatemala,GTM,2020,64.8
Guatemala,GTM,2021,58.78
Guernsey,GGY,2000,24.38
Guinea,GIN,2002,152.55
Guinea,GIN,2003,154.43
Guinea,GIN,2008,153.98
Guinea,GIN,2009,160
Guinea,GIN,2010,164.21
Guinea,GIN,2011,146.42
Guinea,GIN,2012,147.08
Guinea,GIN,2015,130.64
Guinea,GIN,2016,119.55
Guinea-Bissau,GNB,2009,117.27
Guinea-Bissau,GNB,2011,121.23
Guinea-Bissau,GNB,2012,106.49
Guinea-Bissau,GNB,2014,112.77
Guinea-Bissau,GNB,2016,92.68
Guinea-Bissau,GNB,2017,84.43
Guyana,GUY,2001,94.77
Guyana,GUY,2004,81.22
Guyana,GUY,2010,83.97
Guyana,GUY,2012,68.39
Guyana,GUY,2013,73.64
Guyana,GUY,2017,70.33
Guyana,GUY,2018,64.87
Haiti,HTI,2001,74.03
Haiti,HTI,2004,68.08
Haiti,HTI,2007,63.88
Haiti,HTI,2009,65.47
Haiti,HTI,2010,66.11
Haiti,HTI,2012,66.5
Haiti,HTI,2014,59.39
Haiti,HTI,2015,54.8
Honduras,HND,2001,78.91
Honduras,HND,2004,101.85
Honduras,HND,2008,78.04
Honduras,HND,2009,76.41
Honduras,HND,2010,90.97
Honduras,HND,2011,90.1
Honduras,HND,2012,92.57
Honduras,HND,2014,93.07
Honduras,HND,2017,97.35
Honduras,HND,2018,97.05
Hong Kong,HKG,2001,3.89
Hong Kong,HKG,2004,3.74
Hong Kong,HKG,2005,3.7
Hong Kong,HKG,2007,3.9
Hong Kong,HKG,2008,3.76
Hong Kong,HKG,2009,3.46
Hong Kong,HKG,2012,3.11
Hong Kong,HKG,2014,2.87
Hong Kong,HKG,2015,2.68
Hong Kong,HKG,2016,2.58
Hong Kong,HKG,2018,2.09
Hong Kong,HKG,2019,1.81
Hong Kong,HKG,2020,1.61
Hong Kong,HKG,2021,1.29
Hungary,HUN,2000,23.31
Hungary,HUN,2001,21.83
Hungary,HUN,2002,21.37
Hungary,HUN,2003,20.57
Hungary,HUN,2004,20.71
Hungary,HUN,2005,19.96
Hungary,HUN,2006,19.74
Hungary,HUN,2007,19.37
Hungary,HUN,2008,20.07
Hungary,HUN,2009,19.47
Hungary,HUN,2012,19.23
Hungary,HUN,2013,21.06
Hungary,HUN,2018,22.02
Hungary,HUN,2020,21.39
Iceland,ISL,2001,20.01
Iceland,ISL,2002,18.73
Iceland,ISL,2007,14.09
Iceland,ISL,2011,10.99
Iceland,ISL,2015,8.03
Iceland,ISL,2016,6.64
Iceland,ISL,2017,6.01
Iceland,ISL,2018,5.34
Iceland,ISL,2019,4.39
Iceland,ISL,2020,4.76
Iceland,ISL,2021,3.28
India,IND,2000,51
India,IND,2004,90.31
India,IND,2008,79.58
India,IND,2011,62.79
India,IND,2012,74.1
India,IND,2013,55.5
India,IND,2014,51.46
India,IND,2015,58.35
India,IND,2017,47.59
India,IND,2018,42.88
India,IND,2019,10.6
Indonesia,IDN,2001,38
Indonesia,IDN,2006,36
Indonesia,IDN,2008,46.89
Indonesia,IDN,2010,47.99
Indonesia,IDN,2011,48.49
Indonesia,IDN,2013,47.37
Indonesia,IDN,2014,40.1
Indonesia,IDN,2015,39.92
Indonesia,IDN,2016,36.11
Iran,IRN,2004,29.6
Iran,IRN,2005,31
Iran,IRN,2006,31.8
Iran,IRN,2007,31
Iran,IRN,2009,32.8
Iran,IRN,2012,34.97
Iran,IRN,2016,33.08
Iran,IRN,2017,32.54
Iran,IRN,2018,30.47
Iran,IRN,2019,27.16
Iran,IRN,2020,24.49
Iraq,IRQ,2000,16.54
Iraq,IRQ,2002,46.79
Iraq,IRQ,2006,81.39
Iraq,IRQ,2008,81.08
Iraq,IRQ,2009,82.14
Iraq,IRQ,2013,88.48
Iraq,IRQ,2015,75.59
Iraq,IRQ,2016,70
Ireland,IRL,2000,19.56
Ireland,IRL,2001,19.8
Ireland,IRL,2002,19.34
Ireland,IRL,2003,19.06
Ireland,IRL,2012,12.03
Ireland,IRL,2017,6.81
Ireland,IRL,2018,6.16
Ireland,IRL,2019,5.41
Ireland,IRL,2020,4.91
Isle of Man,IMN,2015,10.07
Isle of Man,IMN,2016,9.88
Israel,ISR,2000,17.55
Israel,ISR,2001,17
Israel,ISR,2002,16.67
Israel,ISR,2003,16.41
Israel,ISR,2005,15.17
Israel,ISR,2007,14.27
Israel,ISR,2012,11.68
Israel,ISR,2018,8.34
Israel,ISR,2019,7.7
Israel,ISR,2020,7.12
Italy,ITA,2001,6.69
Italy,ITA,2003,6.95
Italy,ITA,2005,6.95
Italy,ITA,2009,6.85
Italy,ITA,2010,6.62
Italy,ITA,2011,6.38
Italy,ITA,2012,6.28
Italy,ITA,2013,5.85
Italy,ITA,2014,5.68
Italy,ITA,2016,4.87
Italy,ITA,2018,4.15
Italy,ITA,2019,3.69
Italy,ITA,2020,3.27
Jamaica,JAM,2000,69.62
Jamaica,JAM,2006,55.28
Jamaica,JAM,2007,55.25
Jamaica,JAM,2008,54.68
Jamaica,JAM,2009,54.33
Jamaica,JAM,2010,50.97
Jamaica,JAM,2011,49.84
Jamaica,JAM,2012,50.63
Jamaica,JAM,2014,46.16
Jamaica,JAM,2015,45.46
Jamaica,JAM,2016,42.15
Jamaica,JAM,2017,39.25
Jamaica,JAM,2018,35.89
Japan,JPN,2001,5.89
Japan,JPN,2004,5.65
Japan,JPN,2007,5.04
Japan,JPN,2008,5.2
Japan,JPN,2009,4.99
Japan,JPN,2010,4.61
Japan,JPN,2011,4.55
Japan,JPN,2012,4.37
Japan,JPN,2013,4.44
Japan,JPN,2017,3.43
Japan,JPN,2018,3.08
Japan,JPN,2019,2.77
Japan,JPN,2020,2.52
Jersey,JEY,2005,7.21
Jersey,JEY,2006,8.75
Jersey,JEY,2007,10.37
Jordan,JOR,2002,36.32
Jordan,JOR,2003,32.63
Jordan,JOR,2006,28.22
Jordan,JOR,2008,32.44
Jordan,JOR,2013,35
Jordan,JOR,2015,28.63
Jordan,JOR,2016,26.95
Kazakhstan,KAZ,2001,27.44
Kazakhstan,KAZ,2007,27.87
Kazakhstan,KAZ,2008,29.52
Kazakhstan,KAZ,2009,29.35
Kazakhstan,KAZ,2010,28.5
Kazakhstan,KAZ,2011,29.39
Kazakhstan,KAZ,2012,31.02
Kazakhstan,KAZ,2015,30.07
Kazakhstan,KAZ,2016,27.16
Kazakhstan,KAZ,2019,22.51
Kazakhstan,KAZ,2020,22.23
Kazakhstan,KAZ,2021,22.88
Kenya,KEN,2001,135.65
Kenya,KEN,2002,114.18
Kenya,KEN,2004,120.49
Kenya,KEN,2006,106.31
Kenya,KEN,2007,102.96
Kenya,KEN,2010,110.78
Kenya,KEN,2014,101.75
Kenya,KEN,2020,72.99
Kiribati,KIR,2003,36.31
Kiribati,KIR,2010,37.79
Kiribati,KIR,2011,57.17
Kiribati,KIR,2013,47.58
Kiribati,KIR,2014,49.54
Kiribati,KIR,2016,49.08
Kiribati,KIR,2017,50.63
Kosovo,OWID_KOS,2004,10.59
Kosovo,OWID_KOS,2005,11.52
Kosovo,OWID_KOS,2008,13.52
Kosovo,OWID_KOS,2010,11.23
Kosovo,OWID_KOS,2011,13.01
Kosovo,OWID_KOS,2014,11.28
Kosovo,OWID_KOS,2015,13.4
Kosovo,OWID_KOS,2016,8.41
Kosovo,OWID_KOS,2017,9.15
Kosovo,OWID_KOS,2018,8.47
Kosovo,OWID_KOS,2019,7.6
Kuwait,KWT,2000,16.61
Kuwait,KWT,2002,16.79
Kuwait,KWT,2007,14.05
Kuwait,KWT,2008,13.2
Kuwait,KWT,2009,12.82
Kuwait,KWT,2011,10.32
Kuwait,KWT,2014,8.35
Kuwait,KWT,2016,6.68
Kuwait,KWT,2017,6.28
Kuwait,KWT,2018,5.18
Kyrgyzstan,KGZ,2000,32.81
Kyrgyzstan,KGZ,2001,31
Kyrgyzstan,KGZ,2002,28.36
Kyrgyzstan,KGZ,2003,26.26
Kyrgyzstan,KGZ,2010,32.67
Kyrgyzstan,KGZ,2016,36.59
Kyrgyzstan,KGZ,2018,34.6
Kyrgyzstan,KGZ,2019,36.56
Kyrgyzstan,KGZ,2020,32.56
Laos,LAO,2001,100.32
Laos,LAO,2002,74.13
Laos,LAO,2004,110.73
Laos,LAO,2007,102.38
Laos,LAO,2009,96.5
Laos,LAO,2010,94.45
Laos,LAO,2013,97.22
Laos,LAO,2015,47.19
Laos,LAO,2016,83.35
Latin America and the Caribbean (UN),,2000,83.48
Latin America and the Caribbean (UN),,2001,82.3
Latin America and the Caribbean (UN),,2002,79.96
Latin America and the Caribbean (UN),,2003,77.66
Latin America and the Caribbean (UN),,2004,77.25
Latin America and the Caribbean (UN),,2005,76.91
Latin America and the Caribbean (UN),,2006,75.66
Latin America and the Caribbean (UN),,2007,75.1
Latin America and the Caribbean (UN),,2008,74.4
Latin America and the Caribbean (UN),,2009,73.85
Latin America and the Caribbean (UN),,2010,73.08
Latin America and the Caribbean (UN),,2011,72.98
Latin America and the Caribbean (UN),,2012,72.35
Latin America and the Caribbean (UN),,2013,71.06
Latin America and the Caribbean (UN),,2014,69.41
Latin America and the Caribbean (UN),,2015,67.25
Latin America and the Caribbean (UN),,2016,64.19
Latin America and the Caribbean (UN),,2017,62.36
Latin America and the Caribbean (UN),,2018,60.03
Latin America and the Caribbean (UN),,2019,57.3
Latin America and the Caribbean (UN),,2020,54.76
Latin America and the Caribbean (UN),,2021,53.22
Latin America and the Caribbean (UN),,2022,52.14
Latin America and the Caribbean (UN),,2023,51.37
Latvia,LVA,2000,18.23
Latvia,LVA,2001,17.18
Latvia,LVA,2002,16.01
Latvia,LVA,2003,16.8
Latvia,LVA,2004,16.32
Latvia,LVA,2005,16.44
Latvia,LVA,2009,16.22
Latvia,LVA,2012,15.32
Latvia,LVA,2013,15.3
Latvia,LVA,2014,15.43
Latvia,LVA,2018,12.11
Latvia,LVA,2019,12.55
Latvia,LVA,2020,10.54
Latvia,LVA,2021,10
Least Developed Countries (LDCs),,2000,129.74
Least Developed Countries (LDCs),,2001,128.68
Least Developed Countries (LDCs),,2002,126.68
Least Developed Countries (LDCs),,2003,124.7
Least Developed Countries (LDCs),,2004,123.15
Least Developed Countries (LDCs),,2005,119.75
Least Developed Countries (LDCs),,2006,118.05
Least Developed Countries (LDCs),,2007,117.34
Least Developed Countries (LDCs),,2008,114.53
Least Developed Countries (LDCs),,2009,112.12
Least Developed Countries (LDCs),,2010,111.36
Least Developed Countries (LDCs),,2011,108.87
Least Developed Countries (LDCs),,2012,107.45
Least Developed Countries (LDCs),,2013,105.75
Least Developed Countries (LDCs),,2014,103.2
Least Developed Countries (LDCs),,2015,101.16
Least Developed Countries (LDCs),,2016,99.73
Least Developed Countries (LDCs),,2017,97.57
Least Developed Countries (LDCs),,2018,96.55
Least Developed Countries (LDCs),,2019,95.86
Least Developed Countries (LDCs),,2020,94.73
Least Developed Countries (LDCs),,2021,93.73
Least Developed Countries (LDCs),,2022,92.35
Least Developed Countries (LDCs),,2023,91.13
Lebanon,LBN,2003,16.67
Lesotho,LSO,2000,89.01
Lesotho,LSO,2003,91.61
Lesotho,LSO,2005,81.75
Lesotho,LSO,2007,91.88
Lesotho,LSO,2011,61.41
Lesotho,LSO,2013,94.24
Lesotho,LSO,2016,84.53
Liberia,LBR,2002,122.67
Liberia,LBR,2004,137.07
Liberia,LBR,2005,140.74
Liberia,LBR,2010,150.61
Liberia,LBR,2011,149.35
Liberia,LBR,2012,148.09
Liberia,LBR,2014,144.89
Liberia,LBR,2015,142.9
Liberia,LBR,2017,135.36
Liberia,LBR,2018,128.07
Libya,LBY,2000,16.9
Libya,LBY,2002,4.09
Libya,LBY,2005,5.1
Libya,LBY,2009,5.64
Libya,LBY,2013,10.86
Liechtenstein,LIE,2000,5.95
Liechtenstein,LIE,2001,8.88
Liechtenstein,LIE,2004,3.96
Liechtenstein,LIE,2006,3.86
Liechtenstein,LIE,2008,3.74
Liechtenstein,LIE,2009,2.81
Liechtenstein,LIE,2010,0.94
Liechtenstein,LIE,2011,1.87
Liechtenstein,LIE,2016,0.94
Liechtenstein,LIE,2017,0.96
Liechtenstein,LIE,2018,1
Liechtenstein,LIE,2019,3.1
Liechtenstein,LIE,2020,2.08
Lithuania,LTU,2000,24.67
Lithuania,LTU,2002,20.77
Lithuania,LTU,2003,20.93
Lithuania,LTU,2004,19.97
Lithuania,LTU,2005,19.64
Lithuania,LTU,2009,16.19
Lithuania,LTU,2012,14.55
Lithuania,LTU,2013,14.26
Lithuania,LTU,2014,13.59
Lithuania,LTU,2017,12.17
Lithuania,LTU,2018,11.22
Lithuania,LTU,2019,10.08
Lithuania,LTU,2020,8.18
Luxembourg,LUX,2000,12.11
Luxembourg,LUX,2001,12.43
Luxembourg,LUX,2002,12.43
Luxembourg,LUX,2003,11.07
Luxembourg,LUX,2004,10.96
Luxembourg,LUX,2008,8.69
Luxembourg,LUX,2010,7.49
Luxembourg,LUX,2011,7.23
Luxembourg,LUX,2012,6.5
Luxembourg,LUX,2014,5.67
Luxembourg,LUX,2015,5.63
Luxembourg,LUX,2016,4.91
Luxembourg,LUX,2017,4.21
Luxembourg,LUX,2018,4.6
Luxembourg,LUX,2019,3.98
Luxembourg,LUX,2020,3.94
Macao,MAC,2000,5.31
Macao,MAC,2003,3.88
Macao,MAC,2006,3.21
Macao,MAC,2007,2.99
Macao,MAC,2008,2.76
Macao,MAC,2009,2.8
Macao,MAC,2010,2.57
Macao,MAC,2011,2.8
Macao,MAC,2015,2.2
Macao,MAC,2016,1.69
Macao,MAC,2017,1.63
Macao,MAC,2019,1.33
Macao,MAC,2020,0.96
Madagascar,MDG,2009,167.57
Madagascar,MDG,2011,146.52
Madagascar,MDG,2013,145.89
Madagascar,MDG,2014,148.77
Madagascar,MDG,2016,143.73
Madagascar,MDG,2017,150.77
Madagascar,MDG,2018,143.45
Madagascar,MDG,2019,143.01
Malawi,MWI,2000,165.02
Malawi,MWI,2001,164.54
Malawi,MWI,2004,168.01
Malawi,MWI,2010,154.94
Malawi,MWI,2011,146.33
Malawi,MWI,2012,139.43
Malawi,MWI,2013,136.59
Malawi,MWI,2014,135.86
Malawi,MWI,2015,123.84
Malawi,MWI,2017,126.99
Malawi,MWI,2018,135.63
Malaysia,MYS,2000,12
Malaysia,MYS,2002,13.53
Malaysia,MYS,2003,12.9
Malaysia,MYS,2004,12.74
Malaysia,MYS,2008,12.81
Malaysia,MYS,2009,13.65
Malaysia,MYS,2010,14
Malaysia,MYS,2011,13.9
Malaysia,MYS,2012,13.24
Malaysia,MYS,2013,13.25
Malaysia,MYS,2015,11.91
Malaysia,MYS,2016,10.25
Malaysia,MYS,2017,9.33
Malaysia,MYS,2018,8.77
Malaysia,MYS,2019,8.5
Malaysia,MYS,2020,7.83
Maldives,MDV,2000,29.27
Maldives,MDV,2008,14.4
Maldives,MDV,2010,15.73
Maldives,MDV,2011,15.43
Maldives,MDV,2012,14.05
Maldives,MDV,2013,12.29
Maldives,MDV,2014,12.51
Maldives,MDV,2015,9.78
Maldives,MDV,2016,8.63
Maldives,MDV,2017,7.82
Maldives,MDV,2019,5.12
Mali,MLI,2004,189.58
Mali,MLI,2010,177.49
Mali,MLI,2011,183.09
Mali,MLI,2013,181.36
Mali,MLI,2014,168.69
Mali,MLI,2016,164.45
Mali,MLI,2017,163.56
Malta,MLT,2000,23.74
Malta,MLT,2001,23.25
Malta,MLT,2008,18.65
Malta,MLT,2010,18.87
Malta,MLT,2011,17.15
Malta,MLT,2012,16.68
Malta,MLT,2016,12.65
Malta,MLT,2017,12.21
Malta,MLT,2018,12.07
Malta,MLT,2019,12.04
Malta,MLT,2020,10.95
Marshall Islands,MHL,2002,81.62
Marshall Islands,MHL,2003,79.01
Marshall Islands,MHL,2004,86.43
Marshall Islands,MHL,2005,88.81
Marshall Islands,MHL,2006,77.21
Marshall Islands,MHL,2008,90.6
Marshall Islands,MHL,2010,82.22
Martinique,MTQ,2000,23.08
Martinique,MTQ,2001,24.57
Martinique,MTQ,2002,24.13
Martinique,MTQ,2006,20.71
Martinique,MTQ,2007,20.02
Martinique,MTQ,2010,19.29
Martinique,MTQ,2011,18.83
Martinique,MTQ,2013,18.81
Martinique,MTQ,2017,14.29
Martinique,MTQ,2018,11.65
Martinique,MTQ,2019,11.21
Martinique,MTQ,2020,13.23
Mauritania,MRT,2002,82.61
Mauritania,MRT,2009,95.11
Mauritania,MRT,2011,107.1
Mauritania,MRT,2014,84.22
Mauritania,MRT,2016,94.97
Mauritania,MRT,2018,88.24
Mauritania,MRT,2019,89.64
Mauritius,MUS,2000,36.58
Mauritius,MUS,2002,34.4
Mauritius,MUS,2003,34.89
Mauritius,MUS,2005,34.05
Mauritius,MUS,2006,33.4
Mauritius,MUS,2009,32.31
Mauritius,MUS,2010,30.57
Mauritius,MUS,2011,30.25
Mauritius,MUS,2012,29.32
Mauritius,MUS,2017,23.81
Mauritius,MUS,2018,23.35
Mauritius,MUS,2019,23.1
Mauritius,MUS,2021,20.73
Mayotte,MYT,2014,53.01
Mayotte,MYT,2015,71.52
Mayotte,MYT,2016,72.14
Mayotte,MYT,2017,69.06
Mayotte,MYT,2018,65.97
Mayotte,MYT,2019,57.33
Mayotte,MYT,2020,64.53
Mexico,MEX,2001,81.16
Mexico,MEX,2002,79.86
Mexico,MEX,2008,79.46
Mexico,MEX,2009,81.19
Mexico,MEX,2010,80.08
Mexico,MEX,2017,62.8
Mexico,MEX,2018,58.64
Mexico,MEX,2019,50.67
Micronesia (country),FSM,2000,56.72
Micronesia (country),FSM,2001,55.42
Micronesia (country),FSM,2003,53.51
Micronesia (country),FSM,2004,45.3
Micronesia (country),FSM,2005,47.3
Micronesia (country),FSM,2006,43.77
Micronesia (country),FSM,2007,49.57
Micronesia (country),FSM,2009,33.02
Moldova,MDA,2000,44.46
Moldova,MDA,2001,40.81
Moldova,MDA,2002,35.61
Moldova,MDA,2003,33.17
Moldova,MDA,2004,32.22
Moldova,MDA,2005,31.13
Moldova,MDA,2006,28.7
Moldova,MDA,2008,26
Moldova,MDA,2009,26.96
Moldova,MDA,2010,26.7
Moldova,MDA,2011,25.66
Moldova,MDA,2013,27.12
Moldova,MDA,2018,30.04
Moldova,MDA,2019,27.2
Moldova,MDA,2020,25.82
Moldova,MDA,2021,24.73
Mongolia,MNG,2000,26.67
Mongolia,MNG,2002,21.04
Mongolia,MNG,2006,19.64
Mongolia,MNG,2007,19.38
Mongolia,MNG,2008,20.72
Mongolia,MNG,2009,20.32
Mongolia,MNG,2013,29.68
Mongolia,MNG,2014,27.4
Mongolia,MNG,2015,30.7
Mongolia,MNG,2017,31.19
Mongolia,MNG,2018,31.7
Mongolia,MNG,2019,30.98
Mongolia,MNG,2020,26.87
Montenegro,MNE,2000,21.07
Montenegro,MNE,2001,20.06
Montenegro,MNE,2003,17.19
Montenegro,MNE,2007,17.56
Montenegro,MNE,2010,16.78
Montenegro,MNE,2011,14.26
Montenegro,MNE,2012,13.31
Montenegro,MNE,2015,11.08
Montenegro,MNE,2017,10.06
Montenegro,MNE,2018,9.7
Montenegro,MNE,2019,11.44
Montenegro,MNE,2020,9.47
Montenegro,MNE,2021,9.46
Montserrat,MSR,2001,32
Montserrat,MSR,2002,32.9
Montserrat,MSR,2003,35.72
Montserrat,MSR,2010,42.84
Montserrat,MSR,2011,41.83
Montserrat,MSR,2014,35.8
Montserrat,MSR,2016,27.75
Montserrat,MSR,2018,18.11
Morocco,MAR,2000,29.24
Morocco,MAR,2001,27.93
Morocco,MAR,2002,32.36
Morocco,MAR,2008,31.97
Morocco,MAR,2009,32.2
Morocco,MAR,2018,21.67
Mozambique,MOZ,2002,178.66
Mozambique,MOZ,2004,179.4
Mozambique,MOZ,2006,184.65
Mozambique,MOZ,2009,165.68
Mozambique,MOZ,2010,166.88
Mozambique,MOZ,2013,180.2
Mozambique,MOZ,2015,177.79
Mozambique,MOZ,2016,180.13
Myanmar,MMR,2001,17.4
Myanmar,MMR,2004,18.51
Myanmar,MMR,2006,16.92
Myanmar,MMR,2008,39.77
Myanmar,MMR,2016,19.79
Myanmar,MMR,2017,22.06
Myanmar,MMR,2018,23.85
Myanmar,MMR,2019,24.52
Namibia,NAM,2001,50.33
Namibia,NAM,2002,70.58
Namibia,NAM,2004,74.33
Namibia,NAM,2005,77.79
Namibia,NAM,2006,81.19
Namibia,NAM,2009,74.59
Namibia,NAM,2012,82.3
Namibia,NAM,2016,63.91
Nauru,NRU,2000,84.01
Nauru,NRU,2001,78.22
Nauru,NRU,2002,71.66
Nauru,NRU,2006,66.1
Nauru,NRU,2007,55.58
Nauru,NRU,2009,59.26
Nauru,NRU,2010,60.48
Nauru,NRU,2014,81
Nauru,NRU,2015,94
Nepal,NPL,2001,123.4
Nepal,NPL,2004,98.3
Nepal,NPL,2008,86.88
Nepal,NPL,2012,86.64
Nepal,NPL,2015,77.23
Nepal,NPL,2017,69.01
Nepal,NPL,2018,63.11
Netherlands,NLD,2000,7.36
Netherlands,NLD,2004,6.29
Netherlands,NLD,2008,5.16
Netherlands,NLD,2013,3.89
Netherlands,NLD,2014,3.67
Netherlands,NLD,2016,2.96
Netherlands,NLD,2017,2.77
Netherlands,NLD,2018,2.57
Netherlands,NLD,2019,2.45
Netherlands,NLD,2020,2.35
New Caledonia,NCL,2000,28.69
New Caledonia,NCL,2001,25.83
New Caledonia,NCL,2002,23.09
New Caledonia,NCL,2005,21.4
New Caledonia,NCL,2006,20.28
New Caledonia,NCL,2007,19.92
New Caledonia,NCL,2010,21.69
New Caledonia,NCL,2012,21.39
New Caledonia,NCL,2015,17.4
New Zealand,NZL,2000,28.16
New Zealand,NZL,2001,27.38
New Zealand,NZL,2006,28.21
New Zealand,NZL,2009,29.65
New Zealand,NZL,2011,25.8
New Zealand,NZL,2012,24.61
New Zealand,NZL,2018,13.42
New Zealand,NZL,2019,12.8
New Zealand,NZL,2020,12.13
New Zealand,NZL,2021,10.12
Nicaragua,NIC,2000,123.92
Nicaragua,NIC,2002,106.68
Nicaragua,NIC,2004,105.69
Nicaragua,NIC,2005,100.29
Nicaragua,NIC,2006,97.49
Nicaragua,NIC,2007,98.83
Nicaragua,NIC,2008,98.16
Nicaragua,NIC,2009,104.32
Niger,NER,2000,150.3
Niger,NER,2001,227.48
Niger,NER,2003,198.89
Niger,NER,2004,199.1
Niger,NER,2007,229.96
Niger,NER,2012,129.99
Niger,NER,2014,77.87
Niger,NER,2017,69.15
Niger,NER,2020,132
Nigeria,NGA,2001,126.26
Nigeria,NGA,2009,158.68
Nigeria,NGA,2010,123.14
Nigeria,NGA,2012,140.33
Nigeria,NGA,2013,149.93
Nigeria,NGA,2014,126.27
Nigeria,NGA,2015,119.66
Nigeria,NGA,2017,95.91
Nigeria,NGA,2019,80.95
Nigeria,NGA,2020,74.64
North Korea,PRK,2003,0.02
North Korea,PRK,2004,0.01
North Korea,PRK,2006,0
North Korea,PRK,2008,0.67
North Macedonia,MKD,2002,25.49
North Macedonia,MKD,2003,25.42
North Macedonia,MKD,2007,20.49
North Macedonia,MKD,2008,19.76
North Macedonia,MKD,2009,19.87
North Macedonia,MKD,2010,19.57
North Macedonia,MKD,2011,18.08
North Macedonia,MKD,2013,17.08
North Macedonia,MKD,2015,16.4
North Macedonia,MKD,2016,15.96
North Macedonia,MKD,2017,15.82
North Macedonia,MKD,2018,15.54
North Macedonia,MKD,2019,15.58
North Macedonia,MKD,2020,16.21
Northern Africa (UN),,2000,48.06
Northern Africa (UN),,2001,47.12
Northern Africa (UN),,2002,46.11
Northern Africa (UN),,2003,46.03
Northern Africa (UN),,2004,45.27
Northern Africa (UN),,2005,44.87
Northern Africa (UN),,2006,46.26
Northern Africa (UN),,2007,47.58
Northern Africa (UN),,2008,47.87
Northern Africa (UN),,2009,48.51
Northern Africa (UN),,2010,49.4
Northern Africa (UN),,2011,49.44
Northern Africa (UN),,2012,49.91
Northern Africa (UN),,2013,50.72
Northern Africa (UN),,2014,50.59
Northern Africa (UN),,2015,50.21
Northern Africa (UN),,2016,48.02
Northern Africa (UN),,2017,47.1
Northern Africa (UN),,2018,45.95
Northern Africa (UN),,2019,44.48
Northern Africa (UN),,2020,43.46
Northern Africa (UN),,2021,42.38
Northern Africa (UN),,2022,41.24
Northern Africa (UN),,2023,40.22
Northern America (UN),,2000,43.98
Northern America (UN),,2001,41.5
Northern America (UN),,2002,39.29
Northern America (UN),,2003,37.98
Northern America (UN),,2004,37.29
Northern America (UN),,2005,36.63
Northern America (UN),,2006,37.36
Northern America (UN),,2007,37.97
Northern America (UN),,2008,37.33
Northern America (UN),,2009,35.53
Northern America (UN),,2010,32.55
Northern America (UN),,2011,29.69
Northern America (UN),,2012,27.62
Northern America (UN),,2013,25.12
Northern America (UN),,2014,22.87
Northern America (UN),,2015,20.83
Northern America (UN),,2016,18.89
Northern America (UN),,2017,17.53
Northern America (UN),,2018,16.2
Northern America (UN),,2019,15.59
Northern America (UN),,2020,15.07
Northern America (UN),,2021,15.2
Northern America (UN),,2022,14.4
Northern America (UN),,2023,13.71
Northern Mariana Islands,MNP,2002,65.86
Northern Mariana Islands,MNP,2006,49.41
Northern Mariana Islands,MNP,2007,52.16
Northern Mariana Islands,MNP,2008,41.37
Northern Mariana Islands,MNP,2009,46.32
Northern Mariana Islands,MNP,2011,43.05
Northern Mariana Islands,MNP,2013,37.16
Northern Mariana Islands,MNP,2014,38.6
Northern Mariana Islands,MNP,2015,36.9
Northern Mariana Islands,MNP,2016,27.4
Norway,NOR,2001,11.05
Norway,NOR,2002,10.08
Norway,NOR,2006,8.71
Norway,NOR,2007,9.08
Norway,NOR,2011,7.11
Norway,NOR,2013,5.64
Norway,NOR,2014,5.04
Norway,NOR,2015,4.62
Norway,NOR,2016,3.89
Norway,NOR,2017,2.99
Norway,NOR,2018,2.55
Norway,NOR,2019,2.26
Norway,NOR,2020,1.66
Oceania (UN),,2000,36.92
Oceania (UN),,2001,36.98
Oceania (UN),,2002,36.33
Oceania (UN),,2003,35.97
Oceania (UN),,2004,35.73
Oceania (UN),,2005,35.63
Oceania (UN),,2006,35.63
Oceania (UN),,2007,36.18
Oceania (UN),,2008,36.43
Oceania (UN),,2009,35.62
Oceania (UN),,2010,35.7
Oceania (UN),,2011,35.13
Oceania (UN),,2012,34.98
Oceania (UN),,2013,34.29
Oceania (UN),,2014,32.34
Oceania (UN),,2015,31
Oceania (UN),,2016,29.45
Oceania (UN),,2017,28.85
Oceania (UN),,2018,28.38
Oceania (UN),,2019,27.73
Oceania (UN),,2020,27.14
Oceania (UN),,2021,26.82
Oceania (UN),,2022,26.2
Oceania (UN),,2023,25.48
Oman,OMN,2001,21.07
Oman,OMN,2007,11.83
Oman,OMN,2010,11.9
Oman,OMN,2011,11.32
Oman,OMN,2012,11.62
Oman,OMN,2014,14.17
Oman,OMN,2016,13.45
Oman,OMN,2017,12.88
Oman,OMN,2018,11.8
Oman,OMN,2019,8.23
Oman,OMN,2020,7.47
Oman,OMN,2021,7.05
Pakistan,PAK,2002,61.99
Pakistan,PAK,2008,56.25
Pakistan,PAK,2009,49.01
Pakistan,PAK,2012,57
Pakistan,PAK,2013,49.86
Pakistan,PAK,2015,46.66
Pakistan,PAK,2016,45.53
Pakistan,PAK,2018,53.99
Palau,PLW,2000,31.68
Palau,PLW,2001,29.69
Palau,PLW,2003,29.46
Palau,PLW,2012,30.63
Palau,PLW,2013,31.83
Palau,PLW,2014,31.94
Palau,PLW,2015,31.37
Palau,PLW,2016,34.44
Palau,PLW,2018,35.14
Palau,PLW,2019,34.47
Palestine,PSE,2005,49
Palestine,PSE,2008,48.98
Palestine,PSE,2011,51.48
Palestine,PSE,2012,58.49
Palestine,PSE,2013,48
Palestine,PSE,2015,51.06
Palestine,PSE,2017,44.74
Palestine,PSE,2018,42.84
Panama,PAN,2000,84.93
Panama,PAN,2004,84.9
Panama,PAN,2008,82.68
Panama,PAN,2009,84.38
Panama,PAN,2016,80.93
Panama,PAN,2017,77.38
Panama,PAN,2018,75.4
Panama,PAN,2019,68.65
Panama,PAN,2020,61.7
Papua New Guinea,PNG,2010,91.34
Papua New Guinea,PNG,2013,88.11
Papua New Guinea,PNG,2015,76.6
Papua New Guinea,PNG,2016,67.76
Paraguay,PRY,2002,58.1
Paraguay,PRY,2004,62.75
Paraguay,PRY,2006,62.54
Paraguay,PRY,2007,60.87
Paraguay,PRY,2008,66.11
Paraguay,PRY,2009,75.01
Paraguay,PRY,2012,82.53
Paraguay,PRY,2014,76.05
Paraguay,PRY,2015,71.99
Paraguay,PRY,2016,52.33
Peru,PER,2003,66.71
Peru,PER,2017,45.34
Peru,PER,2018,42.67
Peru,PER,2019,45.94
Peru,PER,2020,30.61
Peru,PER,2021,33.68
Philippines,PHL,2006,34.74
Philippines,PHL,2007,37.98
Philippines,PHL,2009,41.46
Philippines,PHL,2012,42.97
Philippines,PHL,2013,42.65
Philippines,PHL,2014,42.24
Philippines,PHL,2015,41.32
Philippines,PHL,2016,40.03
Philippines,PHL,2017,38.42
Philippines,PHL,2019,34.79
Poland,POL,2001,15.85
Poland,POL,2002,15.15
Poland,POL,2007,14.77
Poland,POL,2010,15.1
Poland,POL,2011,13.86
Poland,POL,2012,14.21
Poland,POL,2013,13.57
Poland,POL,2014,12.94
Poland,POL,2015,12.18
Poland,POL,2016,11.84
Poland,POL,2017,10.89
Poland,POL,2018,10.2
Poland,POL,2019,9.23
Poland,POL,2020,8.15
Portugal,PRT,2000,21.57
Portugal,PRT,2002,20.87
Portugal,PRT,2003,19.89
Portugal,PRT,2007,16.82
Portugal,PRT,2008,15.88
Portugal,PRT,2011,13.09
Portugal,PRT,2012,11.94
Portugal,PRT,2017,7.84
Portugal,PRT,2018,7.35
Portugal,PRT,2020,6.55
Portugal,PRT,2021,5.72
Puerto Rico,PRI,2001,71.36
Puerto Rico,PRI,2004,65.21
Puerto Rico,PRI,2005,64.18
Puerto Rico,PRI,2006,62.33
Puerto Rico,PRI,2007,59.01
Puerto Rico,PRI,2008,56.73
Puerto Rico,PRI,2009,56.85
Puerto Rico,PRI,2010,51.9
Puerto Rico,PRI,2011,52.15
Puerto Rico,PRI,2013,44.95
Puerto Rico,PRI,2014,40.17
Puerto Rico,PRI,2016,30.48
Puerto Rico,PRI,2019,19.5
Puerto Rico,PRI,2020,15.56
Qatar,QAT,2000,18.3
Qatar,QAT,2001,18.36
Qatar,QAT,2003,18.01
Qatar,QAT,2004,18.06
Qatar,QAT,2007,15.62
Qatar,QAT,2008,15.7
Qatar,QAT,2009,15.63
Qatar,QAT,2010,15.01
Qatar,QAT,2015,11.21
Qatar,QAT,2016,10.17
Qatar,QAT,2017,9.69
Qatar,QAT,2018,8.45
Qatar,QAT,2019,8.23
Qatar,QAT,2020,7.64
Reunion,REU,2000,34.89
Reunion,REU,2001,37.44
Reunion,REU,2002,38.03
Reunion,REU,2010,31.62
Reunion,REU,2012,30.19
Reunion,REU,2013,28.05
Reunion,REU,2014,27.11
Reunion,REU,2015,24.56
Reunion,REU,2016,24.89
Reunion,REU,2017,21.14
Reunion,REU,2018,20.63
Reunion,REU,2019,17.16
Reunion,REU,2020,21
Romania,ROU,2001,35.61
Romania,ROU,2005,37.43
Romania,ROU,2006,39.29
Romania,ROU,2007,39.37
Romania,ROU,2010,39.95
Romania,ROU,2015,36.32
Romania,ROU,2016,37.66
Romania,ROU,2017,37.87
Romania,ROU,2018,36.37
Romania,ROU,2019,35.88
Romania,ROU,2020,34.98
Russia,RUS,2000,27.36
Russia,RUS,2001,27.23
Russia,RUS,2002,27.32
Russia,RUS,2003,27.79
Russia,RUS,2004,28.13
Russia,RUS,2006,28.05
Russia,RUS,2007,28.25
Russia,RUS,2008,29.24
Russia,RUS,2009,28.68
Russia,RUS,2011,27.45
Russia,RUS,2016,21.49
Russia,RUS,2017,18.49
Russia,RUS,2018,16.16
Rwanda,RWA,2005,42.52
Rwanda,RWA,2008,41.36
Rwanda,RWA,2010,47.13
Rwanda,RWA,2011,48.5
Rwanda,RWA,2013,44.7
Rwanda,RWA,2015,40.99
Rwanda,RWA,2016,40.99
Rwanda,RWA,2017,35.16
Rwanda,RWA,2018,31.8
Rwanda,RWA,2021,31.31
Saint Barthlemy,,2012,8.23
Saint Barthlemy,,2013,6.95
Saint Barthlemy,,2014,4.58
Saint Barthlemy,,2018,4.2
Saint Lucia,LCA,2000,56.51
Saint Lucia,LCA,2002,52.82
Saint Lucia,LCA,2004,54.58
Saint Lucia,LCA,2005,48.84
Saint Lucia,LCA,2007,49.47
Saint Lucia,LCA,2008,42.24
Saint Lucia,LCA,2013,36.34
Saint Lucia,LCA,2014,37.81
Saint Martin (French part),MAF,2011,37.83
Saint Martin (French part),MAF,2012,37.85
Saint Martin (French part),MAF,2013,37.94
Saint Martin (French part),MAF,2014,34.65
Saint Martin (French part),MAF,2018,32.49
Saint Martin (French part),MAF,2019,26.74
Saint Pierre and Miquelon,SPM,2010,41.92
Saint Pierre and Miquelon,SPM,2011,21.56
Saint Pierre and Miquelon,SPM,2012,5.31
Saint Pierre and Miquelon,SPM,2013,5.35
Saint Pierre and Miquelon,SPM,2014,2.67
Saint Pierre and Miquelon,SPM,2018,0
Saint Vincent and the Grenadines,VCT,2000,76.07
Saint Vincent and the Grenadines,VCT,2001,69.12
Saint Vincent and the Grenadines,VCT,2002,73.09
Saint Vincent and the Grenadines,VCT,2003,70.97
Saint Vincent and the Grenadines,VCT,2008,65.78
Saint Vincent and the Grenadines,VCT,2010,67.12
Saint Vincent and the Grenadines,VCT,2012,66.36
Saint Vincent and the Grenadines,VCT,2013,64.28
Saint Vincent and the Grenadines,VCT,2015,61.72
Saint Vincent and the Grenadines,VCT,2016,61.26
Saint Vincent and the Grenadines,VCT,2017,59.93
Saint Vincent and the Grenadines,VCT,2018,55.92
Saint Vincent and the Grenadines,VCT,2019,55.2
Samoa,WSM,2001,45.01
Samoa,WSM,2008,43.99
Samoa,WSM,2011,40.09
Samoa,WSM,2012,76.99
Samoa,WSM,2013,55.99
Samoa,WSM,2017,56.32
Samoa,WSM,2018,54.9
San Marino,SMR,2000,0
San Marino,SMR,2001,0
San Marino,SMR,2003,3.1
San Marino,SMR,2004,2.71
San Marino,SMR,2008,2.92
San Marino,SMR,2010,1.43
San Marino,SMR,2011,1.43
San Marino,SMR,2012,0
San Marino,SMR,2013,0
San Marino,SMR,2014,0.54
San Marino,SMR,2017,1.38
Sao Tome and Principe,STP,2001,91
Sao Tome and Principe,STP,2004,128.7
Sao Tome and Principe,STP,2010,146.7
Sao Tome and Principe,STP,2012,127.92
Sao Tome and Principe,STP,2015,107.87
Sao Tome and Principe,STP,2017,93.48
Sao Tome and Principe,STP,2018,86.06
Saudi Arabia,SAU,2000,28.6
Saudi Arabia,SAU,2004,13.72
Saudi Arabia,SAU,2005,23.82
Saudi Arabia,SAU,2006,7.37
Saudi Arabia,SAU,2009,8.67
Saudi Arabia,SAU,2010,8.21
Senegal,SEN,2004,91.52
Senegal,SEN,2010,83.07
Senegal,SEN,2011,93.49
Senegal,SEN,2013,80.2
Senegal,SEN,2015,72.06
Senegal,SEN,2016,70.44
Senegal,SEN,2017,71.28
Senegal,SEN,2018,71.32
Serbia,SRB,2004,24.59
Serbia,SRB,2005,23.09
Serbia,SRB,2006,22.78
Serbia,SRB,2007,22.28
Serbia,SRB,2008,22.04
Serbia,SRB,2009,21.66
Serbia,SRB,2010,20.01
Serbia,SRB,2011,18.97
Serbia,SRB,2012,19.17
Serbia,SRB,2013,18.05
Serbia,SRB,2014,17.88
Serbia,SRB,2015,16.39
Serbia,SRB,2016,15.35
Serbia,SRB,2017,15.17
Serbia,SRB,2018,14
Serbia,SRB,2019,13.64
Serbia,SRB,2020,13.6
Seychelles,SYC,2000,55
Seychelles,SYC,2001,59
Seychelles,SYC,2002,57
Seychelles,SYC,2003,60
Seychelles,SYC,2005,59
Seychelles,SYC,2006,55.33
Seychelles,SYC,2007,58.43
Seychelles,SYC,2008,58.81
Seychelles,SYC,2016,62.27
Seychelles,SYC,2017,62.26
Seychelles,SYC,2021,61.41
Sierra Leone,SLE,2001,137
Sierra Leone,SLE,2005,142.53
Sierra Leone,SLE,2008,118.3
Sierra Leone,SLE,2010,117.87
Sierra Leone,SLE,2011,130.82
Sierra Leone,SLE,2013,118.31
Sierra Leone,SLE,2015,110.89
Sierra Leone,SLE,2016,101.35
Sierra Leone,SLE,2017,103.57
Sierra Leone,SLE,2018,101.94
Singapore,SGP,2000,8.76
Singapore,SGP,2001,8.12
Singapore,SGP,2002,7.47
Singapore,SGP,2005,6.83
Singapore,SGP,2009,4.86
Singapore,SGP,2010,4.5
Singapore,SGP,2011,4.38
Singapore,SGP,2012,4.11
Singapore,SGP,2013,3.51
Singapore,SGP,2017,2.4
Singapore,SGP,2018,2.4
Singapore,SGP,2020,2.37
Slovakia,SVK,2001,21.13
Slovakia,SVK,2002,21.15
Slovakia,SVK,2003,20.56
Slovakia,SVK,2005,20.29
Slovakia,SVK,2007,20.69
Slovakia,SVK,2008,21.57
Slovakia,SVK,2009,21.82
Slovakia,SVK,2011,21.96
Slovakia,SVK,2014,24.29
Slovakia,SVK,2015,24.26
Slovakia,SVK,2018,26.33
Slovakia,SVK,2019,26.88
Slovenia,SVN,2001,6.72
Slovenia,SVN,2007,5.12
Slovenia,SVN,2008,5.13
Slovenia,SVN,2010,4.94
Slovenia,SVN,2013,4.65
Slovenia,SVN,2015,4.53
Slovenia,SVN,2019,4.57
Slovenia,SVN,2020,4.23
Small Island Developing States (SIDS),,2000,72.17
Small Island Developing States (SIDS),,2001,70.79
Small Island Developing States (SIDS),,2002,69.48
Small Island Developing States (SIDS),,2003,68
Small Island Developing States (SIDS),,2004,66.45
Small Island Developing States (SIDS),,2005,65.11
Small Island Developing States (SIDS),,2006,64.09
Small Island Developing States (SIDS),,2007,63.86
Small Island Developing States (SIDS),,2008,64.53
Small Island Developing States (SIDS),,2009,64.29
Small Island Developing States (SIDS),,2010,64.43
Small Island Developing States (SIDS),,2011,64.11
Small Island Developing States (SIDS),,2012,62.82
Small Island Developing States (SIDS),,2013,60.7
Small Island Developing States (SIDS),,2014,58.65
Small Island Developing States (SIDS),,2015,57.09
Small Island Developing States (SIDS),,2016,55.51
Small Island Developing States (SIDS),,2017,54.55
Small Island Developing States (SIDS),,2018,53.61
Small Island Developing States (SIDS),,2019,52.41
Small Island Developing States (SIDS),,2020,50.23
Small Island Developing States (SIDS),,2021,49.09
Small Island Developing States (SIDS),,2022,48.21
Small Island Developing States (SIDS),,2023,47.12
Solomon Islands,SLB,2004,70.08
Solomon Islands,SLB,2005,67.11
Solomon Islands,SLB,2007,64.3
Solomon Islands,SLB,2009,41.72
Solomon Islands,SLB,2013,77.93
Somalia,SOM,2011,164.28
Somalia,SOM,2014,156.84
Somalia,SOM,2016,128.34
Somalia,SOM,2017,115.87
South Africa,ZAF,2001,66
South Africa,ZAF,2002,55
South Africa,ZAF,2009,41.87
South Africa,ZAF,2010,40.15
South Africa,ZAF,2011,50.35
South Africa,ZAF,2012,42.87
South Africa,ZAF,2016,50.49
South Africa,ZAF,2017,43.67
South Africa,ZAF,2018,39.38
South Africa,ZAF,2019,46.67
South Africa,ZAF,2020,40.66
South Korea,KOR,2000,2.63
South Korea,KOR,2004,2.37
South Korea,KOR,2006,2.21
South Korea,KOR,2010,1.77
South Korea,KOR,2011,1.79
South Korea,KOR,2015,1.41
South Korea,KOR,2016,1.25
South Korea,KOR,2017,1.05
South Korea,KOR,2018,0.94
South Korea,KOR,2019,0.84
South Korea,KOR,2020,0.74
South Sudan,SSD,2002,176.81
South Sudan,SSD,2005,160.82
South Sudan,SSD,2007,155.25
South Sudan,SSD,2008,158.14
Spain,ESP,2000,8.75
Spain,ESP,2001,9.64
Spain,ESP,2002,9.86
Spain,ESP,2003,10.57
Spain,ESP,2004,10.74
Spain,ESP,2005,11.36
Spain,ESP,2006,11.99
Spain,ESP,2010,10.61
Spain,ESP,2015,7.72
Spain,ESP,2016,7.34
Spain,ESP,2017,7.05
Spain,ESP,2018,6.22
Spain,ESP,2019,5.96
Spain,ESP,2020,5.33
Sri Lanka,LKA,2000,31.3
Sri Lanka,LKA,2001,31.24
Sri Lanka,LKA,2002,30.88
Sri Lanka,LKA,2005,27.05
Sri Lanka,LKA,2007,25.13
Sri Lanka,LKA,2008,23.48
Sri Lanka,LKA,2009,22.75
Sri Lanka,LKA,2012,21.05
Sri Lanka,LKA,2013,20.13
Sri Lanka,LKA,2014,17.9
Sri Lanka,LKA,2015,16.52
Sub-Saharan Africa (UN),,2000,128.92
Sub-Saharan Africa (UN),,2001,128.76
Sub-Saharan Africa (UN),,2002,127.61
Sub-Saharan Africa (UN),,2003,126.24
Sub-Saharan Africa (UN),,2004,125.01
Sub-Saharan Africa (UN),,2005,124.32
Sub-Saharan Africa (UN),,2006,122.28
Sub-Saharan Africa (UN),,2007,120.45
Sub-Saharan Africa (UN),,2008,120.04
Sub-Saharan Africa (UN),,2009,118.15
Sub-Saharan Africa (UN),,2010,117.69
Sub-Saharan Africa (UN),,2011,117.82
Sub-Saharan Africa (UN),,2012,116.52
Sub-Saharan Africa (UN),,2013,115.39
Sub-Saharan Africa (UN),,2014,114.08
Sub-Saharan Africa (UN),,2015,110.85
Sub-Saharan Africa (UN),,2016,107.75
Sub-Saharan Africa (UN),,2017,105.42
Sub-Saharan Africa (UN),,2018,104.24
Sub-Saharan Africa (UN),,2019,103.55
Sub-Saharan Africa (UN),,2020,102.11
Sub-Saharan Africa (UN),,2021,101
Sub-Saharan Africa (UN),,2022,99.39
Sub-Saharan Africa (UN),,2023,97.86
Sudan,SDN,2003,121.77
Sudan,SDN,2006,93.42
Sudan,SDN,2008,94.63
Sudan,SDN,2009,101.16
Sudan,SDN,2010,111.61
Sudan,SDN,2012,91.02
Sudan,SDN,2013,86.77
Suriname,SUR,2000,67.38
Suriname,SUR,2001,69.47
Suriname,SUR,2004,62.46
Suriname,SUR,2007,64.37
Suriname,SUR,2012,55.74
Suriname,SUR,2013,54.72
Suriname,SUR,2014,54.8
Suriname,SUR,2015,55.14
Suriname,SUR,2016,53.34
Suriname,SUR,2017,51.26
Suriname,SUR,2018,47.72
Suriname,SUR,2019,50.22
Suriname,SUR,2020,49.08
Sweden,SWE,2001,6.76
Sweden,SWE,2002,6.85
Sweden,SWE,2006,6.09
Sweden,SWE,2007,6.02
Sweden,SWE,2008,6.03
Sweden,SWE,2009,5.92
Sweden,SWE,2012,5.34
Sweden,SWE,2013,5.32
Sweden,SWE,2014,5.02
Sweden,SWE,2016,4.44
Sweden,SWE,2019,3.38
Sweden,SWE,2020,2.84
Sweden,SWE,2021,2.43
Switzerland,CHE,2000,6.01
Switzerland,CHE,2002,5.6
Switzerland,CHE,2003,5.26
Switzerland,CHE,2006,4.55
Switzerland,CHE,2007,4.32
Switzerland,CHE,2008,4.28
Switzerland,CHE,2009,4.1
Switzerland,CHE,2010,3.92
Switzerland,CHE,2012,3.43
Switzerland,CHE,2014,2.93
Switzerland,CHE,2017,2.41
Switzerland,CHE,2019,1.97
Switzerland,CHE,2020,1.66
Switzerland,CHE,2021,1.31
Syria,SYR,2000,78.1
Syria,SYR,2001,41.41
Syria,SYR,2002,54.31
Syria,SYR,2003,50
Syria,SYR,2004,42.4
Syria,SYR,2005,37.3
Syria,SYR,2007,53.99
Tajikistan,TJK,2005,38.47
Tajikistan,TJK,2008,33.89
Tajikistan,TJK,2010,47.48
Tajikistan,TJK,2011,53.61
Tajikistan,TJK,2013,51.54
Tajikistan,TJK,2015,46.3
Tajikistan,TJK,2016,40.3
Tajikistan,TJK,2019,41.74
Tanzania,TZA,2000,137.01
Tanzania,TZA,2001,137.58
Tanzania,TZA,2002,143.02
Tanzania,TZA,2003,132.51
Tanzania,TZA,2004,138.02
Tanzania,TZA,2005,141.62
Tanzania,TZA,2007,128.17
Tanzania,TZA,2008,116.15
Tanzania,TZA,2009,121.46
Tanzania,TZA,2010,123.44
Tanzania,TZA,2011,114.94
Tanzania,TZA,2013,125.81
Tanzania,TZA,2014,132.3
Tanzania,TZA,2015,131.49
Tanzania,TZA,2016,138.89
Thailand,THA,2001,34.7
Thailand,THA,2002,35.15
Thailand,THA,2004,42.28
Thailand,THA,2005,44.22
Thailand,THA,2007,46.59
Thailand,THA,2008,48.23
Thailand,THA,2009,48.93
Thailand,THA,2010,48.99
Thailand,THA,2014,46.29
Thailand,THA,2015,42.86
Thailand,THA,2016,40.26
Thailand,THA,2017,37.28
Thailand,THA,2018,32.98
Thailand,THA,2019,29.7
Thailand,THA,2020,27.41
Togo,TGO,2006,97.74
Togo,TGO,2009,70.67
Togo,TGO,2010,105.93
Togo,TGO,2011,76.77
Togo,TGO,2012,84.43
Togo,TGO,2013,98.55
Togo,TGO,2015,82.31
Togo,TGO,2016,78.94
Tokelau,TKL,2011,17.54
Tonga,TON,2000,18.32
Tonga,TON,2002,22.53
Tonga,TON,2003,18.49
Tonga,TON,2004,19.99
Tonga,TON,2005,27
Tonga,TON,2010,24.01
Tonga,TON,2011,20.6
Trinidad and Tobago,TTO,2000,36.83
Trinidad and Tobago,TTO,2001,36.41
Trinidad and Tobago,TTO,2002,33.22
Trinidad and Tobago,TTO,2004,33.41
Trinidad and Tobago,TTO,2005,30.32
Trinidad and Tobago,TTO,2006,33.84
Trinidad and Tobago,TTO,2009,35.97
Tunisia,TUN,2001,6.73
Tunisia,TUN,2002,5.72
Tunisia,TUN,2003,5.65
Tunisia,TUN,2004,5.67
Tunisia,TUN,2005,5.71
Tunisia,TUN,2006,5.76
Tunisia,TUN,2007,5.73
Tunisia,TUN,2011,6.39
Tunisia,TUN,2012,6.69
Tunisia,TUN,2017,7.06
Tunisia,TUN,2018,6.47
Tunisia,TUN,2019,5.97
Tunisia,TUN,2021,4.04
Turkey,TUR,2002,43.03
Turkey,TUR,2005,41.03
Turkey,TUR,2007,37.67
Turkey,TUR,2008,35.93
Turkey,TUR,2011,31.26
Turkey,TUR,2012,29.64
Turkey,TUR,2013,28.04
Turkey,TUR,2014,26.87
Turkey,TUR,2015,24.89
Turkey,TUR,2016,23.59
Turkey,TUR,2017,21.71
Turkey,TUR,2018,19.2
Turkey,TUR,2019,17.32
Turkey,TUR,2020,15.15
Turkmenistan,TKM,2000,26.14
Turkmenistan,TKM,2001,24.13
Turkmenistan,TKM,2004,19.75
Turkmenistan,TKM,2008,22.51
Turkmenistan,TKM,2011,26.2
Turkmenistan,TKM,2012,29.55
Turkmenistan,TKM,2013,28.2
Turkmenistan,TKM,2014,28.45
Turkmenistan,TKM,2017,27.46
Turks and Caicos Islands,TCA,2001,32.18
Turks and Caicos Islands,TCA,2002,30.73
Turks and Caicos Islands,TCA,2004,33.45
Turks and Caicos Islands,TCA,2010,29.57
Turks and Caicos Islands,TCA,2013,26.22
Turks and Caicos Islands,TCA,2015,22.98
Turks and Caicos Islands,TCA,2016,21.94
Turks and Caicos Islands,TCA,2017,20.13
Turks and Caicos Islands,TCA,2018,18.19
Turks and Caicos Islands,TCA,2019,15.69
Tuvalu,TUV,2000,35.85
Tuvalu,TUV,2001,38.19
Tuvalu,TUV,2002,36.82
Tuvalu,TUV,2003,31.23
Tuvalu,TUV,2005,28.52
Tuvalu,TUV,2012,29.9
Tuvalu,TUV,2013,26.52
Tuvalu,TUV,2014,26.48
Tuvalu,TUV,2015,26.07
Tuvalu,TUV,2016,27.01
Tuvalu,TUV,2017,40.28
Uganda,UGA,2002,170.08
Uganda,UGA,2004,158.62
Uganda,UGA,2005,152.24
Uganda,UGA,2008,151.42
Uganda,UGA,2009,145.69
Uganda,UGA,2010,134.47
Uganda,UGA,2012,143.73
Uganda,UGA,2013,135
Uganda,UGA,2016,140.45
Uganda,UGA,2017,133.94
Uganda,UGA,2018,127.9
Ukraine,UKR,2001,29.13
Ukraine,UKR,2002,29.16
Ukraine,UKR,2007,30.13
Ukraine,UKR,2011,28.04
Ukraine,UKR,2012,28.53
Ukraine,UKR,2013,27.05
Ukraine,UKR,2014,26.09
Ukraine,UKR,2015,24.97
Ukraine,UKR,2016,23.21
Ukraine,UKR,2017,20.6
Ukraine,UKR,2018,17.98
Ukraine,UKR,2019,15.53
Ukraine,UKR,2020,14.45
United Arab Emirates,ARE,2000,18.59
United Arab Emirates,ARE,2001,18.34
United Arab Emirates,ARE,2002,18.7
United Arab Emirates,ARE,2006,33.1
United Arab Emirates,ARE,2007,33.9
United Arab Emirates,ARE,2008,32.3
United Arab Emirates,ARE,2009,34.2
United Arab Emirates,ARE,2017,6.57
United Arab Emirates,ARE,2018,4.97
United Arab Emirates,ARE,2019,4.88
United Kingdom,GBR,2000,28.95
United Kingdom,GBR,2001,27.68
United Kingdom,GBR,2004,26.59
United Kingdom,GBR,2005,26.14
United Kingdom,GBR,2006,26.2
United Kingdom,GBR,2007,25.7
United Kingdom,GBR,2011,21.09
United Kingdom,GBR,2012,19.76
United Kingdom,GBR,2017,12.64
United Kingdom,GBR,2018,11.86
United Kingdom,GBR,2019,11.12
United Kingdom,GBR,2020,9.95
United States,USA,2001,44.96
United States,USA,2002,42.6
United States,USA,2006,41.11
United States,USA,2010,34.4
United States,USA,2011,31.27
United States,USA,2012,29.31
United States,USA,2017,18.83
United States,USA,2018,17.44
United States,USA,2019,16.56
United States,USA,2020,15.09
United States Virgin Islands,VIR,2000,62.53
United States Virgin Islands,VIR,2001,62.87
United States Virgin Islands,VIR,2002,59.42
United States Virgin Islands,VIR,2004,57.62
United States Virgin Islands,VIR,2005,53.95
United States Virgin Islands,VIR,2006,54.7
United States Virgin Islands,VIR,2007,58.16
United States Virgin Islands,VIR,2008,57.33
United States Virgin Islands,VIR,2009,57.74
United States Virgin Islands,VIR,2010,50.59
United States Virgin Islands,VIR,2015,39.1
United States Virgin Islands,VIR,2016,25.4
Uruguay,URY,2000,67.53
Uruguay,URY,2001,68.3
Uruguay,URY,2002,67.04
Uruguay,URY,2003,61.92
Uruguay,URY,2004,60.06
Uruguay,URY,2005,61.33
Uruguay,URY,2006,62.1
Uruguay,URY,2007,59.8
Uruguay,URY,2008,62.39
Uruguay,URY,2009,60.13
Uruguay,URY,2010,61.3
Uruguay,URY,2017,42.41
Uruguay,URY,2018,37.34
Uruguay,URY,2019,32.95
Uruguay,URY,2020,29.1
Uzbekistan,UZB,2000,21.49
Uzbekistan,UZB,2001,17.77
Uzbekistan,UZB,2003,12.84
Uzbekistan,UZB,2013,24.14
Uzbekistan,UZB,2014,18.98
Uzbekistan,UZB,2015,24.11
Uzbekistan,UZB,2016,21.04
Uzbekistan,UZB,2019,26.15
Uzbekistan,UZB,2020,30.15
Uzbekistan,UZB,2021,34.28
Vanuatu,VUT,2006,80.03
Vanuatu,VUT,2007,67.52
Vanuatu,VUT,2009,43.51
Vanuatu,VUT,2011,77.99
Vanuatu,VUT,2012,80.99
Venezuela,VEN,2000,91.8
Venezuela,VEN,2001,86.8
Venezuela,VEN,2003,92.1
Venezuela,VEN,2004,91.7
Venezuela,VEN,2007,101.28
Venezuela,VEN,2009,98.69
Venezuela,VEN,2010,98.17
Venezuela,VEN,2011,101.3
Venezuela,VEN,2012,102.5
Venezuela,VEN,2013,98.09
Venezuela,VEN,2014,95.86
Venezuela,VEN,2015,93.66
Venezuela,VEN,2016,93.58
Venezuela,VEN,2017,81.05
Vietnam,VNM,2001,33.1
Vietnam,VNM,2002,22.4
Vietnam,VNM,2005,23.4
Vietnam,VNM,2006,31.44
Vietnam,VNM,2009,36.55
Vietnam,VNM,2011,41.68
Vietnam,VNM,2012,45.16
Vietnam,VNM,2019,42.19
Vietnam,VNM,2020,29
Wallis and Futuna,WLF,2000,14.29
Wallis and Futuna,WLF,2001,13.59
Wallis and Futuna,WLF,2002,12.78
Wallis and Futuna,WLF,2003,11.68
Wallis and Futuna,WLF,2004,11.51
Wallis and Futuna,WLF,2005,13.58
Wallis and Futuna,WLF,2006,14.11
Wallis and Futuna,WLF,2008,14.78
Western Sahara,ESH,2001,39.81
Western Sahara,ESH,2002,38.88
Western Sahara,ESH,2003,30.11
Western Sahara,ESH,2004,28.66
World,OWID_WRL,2000,64.45
World,OWID_WRL,2001,63.83
World,OWID_WRL,2002,61.9
World,OWID_WRL,2003,60.07
World,OWID_WRL,2004,57.06
World,OWID_WRL,2005,53.39
World,OWID_WRL,2006,51.89
World,OWID_WRL,2007,51.9
World,OWID_WRL,2008,52.96
World,OWID_WRL,2009,51.98
World,OWID_WRL,2010,52
World,OWID_WRL,2011,51.62
World,OWID_WRL,2012,51.4
World,OWID_WRL,2013,51.16
World,OWID_WRL,2014,50.77
World,OWID_WRL,2015,47.16
World,OWID_WRL,2016,45.63
World,OWID_WRL,2017,44.89
World,OWID_WRL,2018,44.05
World,OWID_WRL,2019,43.34
World,OWID_WRL,2020,42.71
World,OWID_WRL,2021,42.45
World,OWID_WRL,2022,41.84
World,OWID_WRL,2023,41.27
Yemen,YEM,2001,88.4
Yemen,YEM,2002,96.98
Yemen,YEM,2004,83.22
Yemen,YEM,2005,78.67
Yemen,YEM,2009,78.77
Yemen,YEM,2011,70.34
Yemen,YEM,2012,67.22
Zambia,ZMB,2003,154.57
Zambia,ZMB,2009,147.53
Zambia,ZMB,2011,144.75
Zambia,ZMB,2012,141.17
Zambia,ZMB,2014,139.05
Zambia,ZMB,2016,135.87
Zambia,ZMB,2017,134.57
Zimbabwe,ZWE,2001,108.54
Zimbabwe,ZWE,2003,101.33
Zimbabwe,ZWE,2004,98.75
Zimbabwe,ZWE,2007,102.57
Zimbabwe,ZWE,2009,114.57
Zimbabwe,ZWE,2012,119.7
Zimbabwe,ZWE,2016,110.98
Zimbabwe,ZWE,2017,107.92
